Dining & Beverage,Financials,Healthcare,Home,Leisure,Others,Shopping,Transportation,bal_sum
0.0,204.397857142857,0.0,0.0,0.0,-837.2,0.0,0.0,51799.06
0.0,204.397857142857,0.0,0.0,0.0,-837.2,0.0,0.0,51799.06
0.0,0.0,0.0,0.0,0.0,-62138.18660956931,0.0,0.0,0.7767273326196164
1122.0,-566.9933333333333,0.0,0.0,0.0,0.0,0.0,0.0,2578.8499999999995
-512.0,-163.185,-50000.0,0.0,0.0,-12591.75,0.0,0.0,616447.61
0.0,-3946.2536363636373,0.0,0.0,0.0,-3800.0,0.0,0.0,1365.82
-212.2027272727274,12861.769,-103.8,-230.0,-832.9555882352943,-1115.2309523809522,-2225.624,-99.0033846153846,-20882.17
1122.0,-566.9933333333333,0.0,0.0,0.0,0.0,0.0,0.0,2578.8499999999995
0.0,-73.32812500000091,0.0,0.0,0.0,-3800.0,0.0,0.0,1365.82
-220.00666666666672,12991.089999999998,-103.8,-230.0,-780.8868292682928,-1060.043181818182,-2833.766666666667,-97.27185628742515,-18990.05
0.0,-20.0,0.0,0.0,0.0,0.0,0.0,0.0,3018.28
0.0,33.33666666666674,0.0,0.0,0.0,0.0,0.0,0.0,12745.87
0.0,-5390.9592,0.0,0.0,0.0,0.0,0.0,0.0,29834.94
0.0,-23.579500000000003,0.0,0.0,0.0,0.0,0.0,0.0,18943.7703
1122.0,-566.9933333333333,0.0,0.0,0.0,0.0,0.0,0.0,2578.8499999999995
-512.0,-163.185,-50000.0,0.0,0.0,-12591.75,0.0,0.0,616447.61
0.0,-3946.2536363636373,0.0,0.0,0.0,-3800.0,0.0,0.0,1365.82
-212.2027272727274,12861.769,-103.8,-230.0,-832.9555882352943,-1115.2309523809522,-2225.624,-99.0033846153846,-20882.17
1122.0,-566.9933333333333,0.0,0.0,0.0,0.0,0.0,0.0,2578.8499999999995
0.0,-73.32812500000091,0.0,0.0,0.0,-3800.0,0.0,0.0,1365.82
-220.00666666666672,12991.089999999998,-103.8,-230.0,-780.8868292682928,-1060.043181818182,-2833.766666666667,-97.27185628742515,-18990.05
0.0,-20.0,0.0,0.0,0.0,0.0,0.0,0.0,3018.28
0.0,33.33666666666674,0.0,0.0,0.0,0.0,0.0,0.0,12745.87
0.0,-5390.9592,0.0,0.0,0.0,0.0,0.0,0.0,29834.94
0.0,14.488150869262602,0.0,0.0,0.0,0.0,0.0,0.0,15659.832771143872
1122.0,-566.9933333333333,0.0,0.0,0.0,0.0,0.0,0.0,2578.8499999999995
1122.0,-566.9933333333333,0.0,0.0,0.0,0.0,0.0,0.0,2578.8499999999995
1122.0,-566.9933333333333,0.0,0.0,0.0,0.0,0.0,0.0,2791.8099999999995
1122.0,-566.9933333333333,0.0,0.0,0.0,0.0,0.0,0.0,2578.8499999999995
1122.0,-566.9933333333333,0.0,0.0,0.0,0.0,0.0,0.0,2578.8499999999995
305.0,-273.31454545454545,-50000.0,0.0,0.0,-12591.75,0.0,0.0,619026.46
1122.0,-566.9933333333333,0.0,0.0,0.0,0.0,0.0,0.0,2579.393709132833
1122.0,-566.9933333333333,0.0,0.0,0.0,0.0,0.0,0.0,50521.25000000001
1122.0,-566.9933333333333,0.0,0.0,0.0,0.0,0.0,0.0,2578.8499999999995
1122.0,-3222.1264285714287,0.0,0.0,0.0,-3800.0,0.0,0.0,3944.669999999999
0.0,56.96000439210519,0.0,0.0,0.0,0.0,0.0,0.0,-15659.832771143872
-200.18288288288292,9762.823846153846,-103.8,-230.0,-832.9555882352943,-1115.2309523809522,-2225.624,-99.0033846153846,-18303.32
1122.0,-566.9933333333333,0.0,0.0,0.0,0.0,0.0,0.0,56338.01
1122.0,-566.9933333333333,0.0,0.0,0.0,0.0,0.0,0.0,2578.8499999999995
1122.0,-566.9933333333333,0.0,0.0,0.0,0.0,0.0,0.0,12413.79
1122.0,-566.9933333333333,0.0,0.0,0.0,0.0,0.0,0.0,2883.364535832076
1122.0,-566.9933333333333,0.0,0.0,0.0,0.0,0.0,0.0,2578.8499999999995
1122.0,-566.9933333333333,0.0,0.0,0.0,0.0,0.0,0.0,54913.959245852195
1122.0,-566.9933333333333,0.0,0.0,0.0,0.0,0.0,0.0,2578.8499999999995
1122.0,-566.9933333333333,0.0,0.0,0.0,0.0,0.0,0.0,2578.8499999999995
1122.0,-566.9933333333333,0.0,0.0,0.0,0.0,0.0,0.0,2578.8499999999995
1122.0,-566.9933333333333,0.0,0.0,0.0,0.0,0.0,0.0,2578.8499999999995
1122.0,-566.9933333333333,0.0,0.0,0.0,0.0,0.0,0.0,2578.8499999999995
1122.0,-566.9933333333333,0.0,0.0,0.0,0.0,0.0,0.0,2578.8499999999995
1122.0,-151.27526315789606,0.0,0.0,0.0,-3800.0,0.0,0.0,3944.669999999999
-210.13897058823542,10448.949374999998,-103.8,-230.0,-780.8868292682928,-1060.043181818182,-2833.766666666667,-97.27185628742515,-16411.2
1122.0,-430.245,0.0,0.0,0.0,0.0,0.0,0.0,5597.129999999999
1122.0,-566.9933333333333,0.0,0.0,0.0,0.0,0.0,0.0,2578.8499999999995
1122.0,-566.9933333333333,0.0,0.0,0.0,0.0,0.0,0.0,2578.7799999999993
1122.0,-166.77333333333323,0.0,0.0,0.0,0.0,0.0,0.0,15324.720000000001
1122.0,-566.9933333333333,0.0,0.0,0.0,0.0,0.0,0.0,56338.01
1122.0,-566.9933333333333,0.0,0.0,0.0,0.0,0.0,0.0,2578.8499999999995
-512.0,-163.185,-50000.0,0.0,0.0,-12591.75,0.0,0.0,616447.61
1122.0,-4874.105714285715,0.0,0.0,0.0,0.0,0.0,0.0,32413.789999999997
1122.0,-566.9933333333333,0.0,0.0,0.0,0.0,0.0,0.0,2883.364535832076
1122.0,-566.9933333333333,0.0,0.0,0.0,0.0,0.0,0.0,2578.8499999999995
1122.0,-566.9933333333333,0.0,0.0,0.0,0.0,0.0,0.0,54913.959245852195
1122.0,-566.9933333333333,0.0,0.0,0.0,0.0,0.0,0.0,2578.8499999999995
1122.0,-566.9933333333333,0.0,0.0,0.0,0.0,0.0,0.0,2578.8499999999995
-512.0,-163.185,-50000.0,0.0,0.0,-12591.75,0.0,0.0,616447.61
0.0,-3946.2536363636373,0.0,0.0,0.0,-3800.0,0.0,0.0,1365.82
-212.2027272727274,12861.769,-103.8,-230.0,-832.9555882352943,-1115.2309523809522,-2225.624,-99.0033846153846,-20882.17
1122.0,-566.9933333333333,0.0,0.0,0.0,0.0,0.0,0.0,2578.8499999999995
0.0,-3946.2536363636373,0.0,0.0,0.0,-3800.0,0.0,0.0,1365.82
0.0,-73.32812500000091,0.0,0.0,0.0,-3800.0,0.0,0.0,1365.82
-220.00666666666672,12991.089999999998,-103.8,-230.0,-780.8868292682928,-1060.043181818182,-2833.766666666667,-97.27185628742515,-18990.05
0.0,-20.0,0.0,0.0,0.0,0.0,0.0,0.0,3018.28
0.0,33.33666666666674,0.0,0.0,0.0,0.0,0.0,0.0,12745.87
0.0,-5390.9592,0.0,0.0,0.0,0.0,0.0,0.0,29834.94
-512.0,-163.185,-50000.0,0.0,0.0,-12591.75,0.0,0.0,616447.61
0.0,-3946.2536363636373,0.0,0.0,0.0,-3800.0,0.0,0.0,1365.82
-212.2027272727274,12861.769,-103.8,-230.0,-832.9555882352943,-1115.2309523809522,-2225.624,-99.0033846153846,-20882.17
1122.0,-566.9933333333333,0.0,0.0,0.0,0.0,0.0,0.0,2578.8499999999995
0.0,-73.32812500000091,0.0,0.0,0.0,-3800.0,0.0,0.0,1365.82
-212.2027272727274,12861.769,-103.8,-230.0,-832.9555882352943,-1115.2309523809522,-2225.624,-99.0033846153846,-20882.17
-220.00666666666672,12991.089999999998,-103.8,-230.0,-780.8868292682928,-1060.043181818182,-2833.766666666667,-97.27185628742515,-18990.05
0.0,-20.0,0.0,0.0,0.0,0.0,0.0,0.0,3018.28
0.0,33.33666666666674,0.0,0.0,0.0,0.0,0.0,0.0,12745.87
0.0,-5390.9592,0.0,0.0,0.0,0.0,0.0,0.0,29834.94
-512.0,-163.185,-50000.0,0.0,0.0,-12591.75,0.0,0.0,616660.57
0.0,-3946.2536363636373,0.0,0.0,0.0,-3800.0,0.0,0.0,1578.78
-212.2027272727274,12861.769,-103.8,-230.0,-832.9555882352943,-1115.2309523809522,-2225.624,-99.0033846153846,-20669.21
1122.0,-566.9933333333333,0.0,0.0,0.0,0.0,0.0,0.0,2791.8099999999995
0.0,-73.32812500000091,0.0,0.0,0.0,-3800.0,0.0,0.0,1578.78
-220.00666666666672,12991.089999999998,-103.8,-230.0,-780.8868292682928,-1060.043181818182,-2833.766666666667,-97.27185628742515,-18777.09
1122.0,-566.9933333333333,0.0,0.0,0.0,0.0,0.0,0.0,2578.8499999999995
0.0,-20.0,0.0,0.0,0.0,0.0,0.0,0.0,3231.2400000000002
0.0,33.33666666666674,0.0,0.0,0.0,0.0,0.0,0.0,12958.83
0.0,-5390.9592,0.0,0.0,0.0,0.0,0.0,0.0,30047.899999999998
-512.0,-163.185,-50000.0,0.0,0.0,-12591.75,0.0,0.0,616447.61
0.0,-3946.2536363636373,0.0,0.0,0.0,-3800.0,0.0,0.0,1365.82
-212.2027272727274,12861.769,-103.8,-230.0,-832.9555882352943,-1115.2309523809522,-2225.624,-99.0033846153846,-20882.17
1122.0,-566.9933333333333,0.0,0.0,0.0,0.0,0.0,0.0,2578.8499999999995
0.0,-73.32812500000091,0.0,0.0,0.0,-3800.0,0.0,0.0,1365.82
-220.00666666666672,12991.089999999998,-103.8,-230.0,-780.8868292682928,-1060.043181818182,-2833.766666666667,-97.27185628742515,-18990.05
0.0,-20.0,0.0,0.0,0.0,0.0,0.0,0.0,3018.28
0.0,-73.32812500000091,0.0,0.0,0.0,-3800.0,0.0,0.0,1365.82
0.0,33.33666666666674,0.0,0.0,0.0,0.0,0.0,0.0,12745.87
0.0,-5390.9592,0.0,0.0,0.0,0.0,0.0,0.0,29834.94
-512.0,-163.185,-50000.0,0.0,0.0,-12591.75,0.0,0.0,616447.61
0.0,-3946.2536363636373,0.0,0.0,0.0,-3800.0,0.0,0.0,1365.82
-212.2027272727274,12861.769,-103.8,-230.0,-832.9555882352943,-1115.2309523809522,-2225.624,-99.0033846153846,-20882.17
1122.0,-566.9933333333333,0.0,0.0,0.0,0.0,0.0,0.0,2578.8499999999995
0.0,-73.32812500000091,0.0,0.0,0.0,-3800.0,0.0,0.0,1365.82
-220.00666666666672,12991.089999999998,-103.8,-230.0,-780.8868292682928,-1060.043181818182,-2833.766666666667,-97.27185628742515,-18990.05
0.0,-20.0,0.0,0.0,0.0,0.0,0.0,0.0,3018.28
0.0,33.33666666666674,0.0,0.0,0.0,0.0,0.0,0.0,12745.87
0.0,204.397857142857,0.0,0.0,0.0,-837.2,0.0,0.0,7629.6
-220.00666666666672,12991.089999999998,-103.8,-230.0,-780.8868292682928,-1060.043181818182,-2833.766666666667,-97.27185628742515,-18990.05
0.0,-5390.9592,0.0,0.0,0.0,0.0,0.0,0.0,29834.94
-512.0,-163.185,-50000.0,0.0,0.0,-12591.75,0.0,0.0,616448.1537091328
-512.0,-163.185,-50000.0,0.0,0.0,-12591.75,0.0,0.0,664390.01
-512.0,-163.185,-50000.0,0.0,0.0,-12591.75,0.0,0.0,616447.61
-512.0,-2353.3826315789474,-50000.0,0.0,0.0,-10833.4,0.0,0.0,617813.4299999999
-214.90360360360373,7072.900555555555,-25051.9,-230.0,-832.9555882352943,-2951.4739999999997,-2225.624,-99.0033846153846,595565.44
-512.0,-163.185,-50000.0,0.0,0.0,-12591.75,0.0,0.0,670206.77
-512.0,-163.185,-50000.0,0.0,0.0,-12591.75,0.0,0.0,616447.61
-512.0,-163.185,-50000.0,0.0,0.0,-12591.75,0.0,0.0,626282.5499999999
-512.0,-163.185,-50000.0,0.0,0.0,-12591.75,0.0,0.0,616752.1245358321
0.0,-20.0,0.0,0.0,0.0,0.0,0.0,0.0,3018.28
-512.0,-163.185,-50000.0,0.0,0.0,-12591.75,0.0,0.0,616447.61
-512.0,-163.185,-50000.0,0.0,0.0,-12591.75,0.0,0.0,668782.7192458522
-512.0,-163.185,-50000.0,0.0,0.0,-12591.75,0.0,0.0,616447.61
-512.0,-163.185,-50000.0,0.0,0.0,-12591.75,0.0,0.0,616447.61
305.0,-273.31454545454545,-50000.0,0.0,0.0,-12591.75,0.0,0.0,619026.46
-512.0,-163.185,-50000.0,0.0,0.0,-12591.75,0.0,0.0,616447.61
-512.0,-163.185,-50000.0,0.0,0.0,-12591.75,0.0,0.0,616447.61
-512.0,-103.2804166666677,-50000.0,0.0,0.0,-10833.4,0.0,0.0,617813.4299999999
-222.1536764705883,7979.937619047618,-25051.9,-230.0,-780.8868292682928,-2834.151923076923,-2833.766666666667,-97.27185628742515,597457.5599999999
-512.0,-147.27555555555557,-50000.0,0.0,0.0,-12591.75,0.0,0.0,619465.89
0.0,33.33666666666674,0.0,0.0,0.0,0.0,0.0,0.0,12745.87
-512.0,-163.185,-50000.0,0.0,0.0,-12591.75,0.0,0.0,616447.61
-512.0,-163.185,-50000.0,0.0,0.0,-12591.75,0.0,0.0,616447.54
-512.0,-78.96142857142851,-50000.0,0.0,0.0,-12591.75,0.0,0.0,629193.48
-512.0,-163.185,-50000.0,0.0,0.0,-12591.75,0.0,0.0,670206.77
-512.0,-163.185,-50000.0,0.0,0.0,-12591.75,0.0,0.0,616447.61
-512.0,-4123.620000000001,-50000.0,0.0,0.0,-12591.75,0.0,0.0,646282.5499999999
-512.0,-163.185,-50000.0,0.0,0.0,-12591.75,0.0,0.0,616752.1245358321
-512.0,-163.185,-50000.0,0.0,0.0,-12591.75,0.0,0.0,616447.61
-512.0,-163.185,-50000.0,0.0,0.0,-12591.75,0.0,0.0,668782.7192458522
-512.0,-163.185,-50000.0,0.0,0.0,-12591.75,0.0,0.0,616447.61
0.0,-5390.9592,0.0,0.0,0.0,0.0,0.0,0.0,29834.94
-512.0,-163.185,-50000.0,0.0,0.0,-12591.75,0.0,0.0,616447.61
0.0,-3946.2536363636373,0.0,0.0,0.0,-3800.0,0.0,0.0,1366.3637091328337
-212.2027272727274,12861.769,-103.8,-230.0,-832.9555882352943,-1115.2309523809522,-2225.624,-99.0033846153846,-20881.626290867163
1122.0,-566.9933333333333,0.0,0.0,0.0,0.0,0.0,0.0,2579.393709132833
0.0,-73.32812500000091,0.0,0.0,0.0,-3800.0,0.0,0.0,1366.3637091328337
-220.00666666666672,12991.089999999998,-103.8,-230.0,-780.8868292682928,-1060.043181818182,-2833.766666666667,-97.27185628742515,-18989.506290867164
0.0,-20.0,0.0,0.0,0.0,0.0,0.0,0.0,3018.8237091328338
0.0,33.33666666666674,0.0,0.0,0.0,0.0,0.0,0.0,12746.413709132834
0.0,-5390.9592,0.0,0.0,0.0,0.0,0.0,0.0,29835.483709132834
0.0,-3946.2536363636373,0.0,0.0,0.0,-3800.0,0.0,0.0,49308.22000000001
0.0,-31.32571428571428,0.0,0.0,0.0,0.0,0.0,0.0,51.11
-212.2027272727274,12861.769,-103.8,-230.0,-832.9555882352943,-1115.2309523809522,-2225.624,-99.0033846153846,27060.23000000001
1122.0,-566.9933333333333,0.0,0.0,0.0,0.0,0.0,0.0,50521.25000000001
0.0,-73.32812500000091,0.0,0.0,0.0,-3800.0,0.0,0.0,49308.22000000001
-220.00666666666672,12991.089999999998,-103.8,-230.0,-780.8868292682928,-1060.043181818182,-2833.766666666667,-97.27185628742515,28952.35000000001
0.0,-20.0,0.0,0.0,0.0,0.0,0.0,0.0,50960.68000000001
0.0,33.33666666666674,0.0,0.0,0.0,0.0,0.0,0.0,60688.27000000001
0.0,-5390.9592,0.0,0.0,0.0,0.0,0.0,0.0,77777.34000000001
0.0,-3946.2536363636373,0.0,0.0,0.0,-3800.0,0.0,0.0,1365.82
-212.2027272727274,12861.769,-103.8,-230.0,-832.9555882352943,-1115.2309523809522,-2225.624,-99.0033846153846,-20882.17
1122.0,-566.9933333333333,0.0,0.0,0.0,0.0,0.0,0.0,2578.8499999999995
0.0,-58.33083333333343,0.0,0.0,0.0,0.0,0.0,0.0,11845.88
0.0,-73.32812500000091,0.0,0.0,0.0,-3800.0,0.0,0.0,1365.82
-220.00666666666672,12991.089999999998,-103.8,-230.0,-780.8868292682928,-1060.043181818182,-2833.766666666667,-97.27185628742515,-18990.05
0.0,-20.0,0.0,0.0,0.0,0.0,0.0,0.0,3018.28
0.0,33.33666666666674,0.0,0.0,0.0,0.0,0.0,0.0,12745.87
0.0,-5390.9592,0.0,0.0,0.0,0.0,0.0,0.0,29834.94
-212.2027272727274,4057.5666666666657,-103.8,-230.0,-832.9555882352943,-1237.265909090909,-2225.624,-99.0033846153846,-19516.35
0.0,-3946.2536363636373,0.0,0.0,0.0,-3800.0,0.0,0.0,55124.98
0.0,-3946.2536363636373,0.0,0.0,0.0,-3800.0,0.0,0.0,1365.82
0.0,-3946.2536363636373,0.0,0.0,0.0,-3800.0,0.0,0.0,11200.76
0.0,-3946.2536363636373,0.0,0.0,0.0,-3800.0,0.0,0.0,1670.3345358320762
0.0,-31.32571428571428,0.0,0.0,0.0,0.0,0.0,0.0,51.11
0.0,-3946.2536363636373,0.0,0.0,0.0,-3800.0,0.0,0.0,1365.82
0.0,-3946.2536363636373,0.0,0.0,0.0,-3800.0,0.0,0.0,53700.929245852196
0.0,-3946.2536363636373,0.0,0.0,0.0,-3800.0,0.0,0.0,1365.82
0.0,-3946.2536363636373,0.0,0.0,0.0,-3800.0,0.0,0.0,1365.82
1122.0,-3222.1264285714287,0.0,0.0,0.0,-3800.0,0.0,0.0,3944.669999999999
0.0,-3946.2536363636373,0.0,0.0,0.0,-3800.0,0.0,0.0,1365.82
0.0,-3946.2536363636373,0.0,0.0,0.0,-3800.0,0.0,0.0,1365.82
0.0,-1651.186666666667,0.0,0.0,0.0,-3800.0,0.0,0.0,1365.82
-220.00666666666672,5228.140833333333,-103.8,-230.0,-780.8868292682928,-1179.1717391304348,-2833.766666666667,-97.27185628742515,-17624.23
0.0,-3619.065833333334,0.0,0.0,0.0,-3800.0,0.0,0.0,4384.1
0.0,80.00400000000009,0.0,0.0,0.0,0.0,0.0,0.0,12945.87
0.0,-3946.2536363636373,0.0,0.0,0.0,-3800.0,0.0,0.0,1365.82
0.0,-3946.2536363636373,0.0,0.0,0.0,-3800.0,0.0,0.0,1365.75
0.0,-2541.692352941177,0.0,0.0,0.0,-3800.0,0.0,0.0,14111.69
0.0,-3946.2536363636373,0.0,0.0,0.0,-3800.0,0.0,0.0,55124.98
0.0,-3946.2536363636373,0.0,0.0,0.0,-3800.0,0.0,0.0,1365.82
0.0,-4949.521388888889,0.0,0.0,0.0,-3800.0,0.0,0.0,31200.76
0.0,-3946.2536363636373,0.0,0.0,0.0,-3800.0,0.0,0.0,1670.3345358320762
0.0,-3946.2536363636373,0.0,0.0,0.0,-3800.0,0.0,0.0,1365.82
0.0,-3946.2536363636373,0.0,0.0,0.0,-3800.0,0.0,0.0,53700.929245852196
0.0,-3946.2536363636373,0.0,0.0,0.0,-3800.0,0.0,0.0,1365.82
0.0,80.00400000000009,0.0,0.0,0.0,0.0,0.0,0.0,12945.87
0.0,-3946.2536363636373,0.0,0.0,0.0,-3800.0,0.0,0.0,1365.82
-212.2027272727274,12861.769,-103.8,-230.0,-832.9555882352943,-1115.2309523809522,-2225.624,-99.0033846153846,32876.990000000005
-212.2027272727274,12861.769,-103.8,-230.0,-832.9555882352943,-1115.2309523809522,-2225.624,-99.0033846153846,-20882.17
-212.2027272727274,12861.769,-103.8,-230.0,-832.9555882352943,-1115.2309523809522,-2225.624,-99.0033846153846,-11047.229999999998
-212.2027272727274,12861.769,-103.8,-230.0,-832.9555882352943,-1115.2309523809522,-2225.624,-99.0033846153846,-20577.65546416792
-212.2027272727274,12861.769,-103.8,-230.0,-832.9555882352943,-1115.2309523809522,-2225.624,-99.0033846153846,-20882.17
-212.2027272727274,12861.769,-103.8,-230.0,-832.9555882352943,-1115.2309523809522,-2225.624,-99.0033846153846,31452.939245852198
-212.2027272727274,12861.769,-103.8,-230.0,-832.9555882352943,-1115.2309523809522,-2225.624,-99.0033846153846,-20882.17
-212.2027272727274,12861.769,-103.8,-230.0,-832.9555882352943,-1115.2309523809522,-2225.624,-99.0033846153846,-20882.17
-200.182882882883,9762.823846153846,-103.8,-230.0,-832.9555882352943,-1115.2309523809522,-2225.624,-99.0033846153846,-18303.32
0.0,33.33666666666674,0.0,0.0,0.0,0.0,0.0,0.0,12745.87
-212.2027272727274,12861.769,-103.8,-230.0,-832.9555882352943,-1115.2309523809522,-2225.624,-99.0033846153846,-20882.17
-212.2027272727274,12861.769,-103.8,-230.0,-832.9555882352943,-1115.2309523809522,-2225.624,-99.0033846153846,-20882.17
-212.2027272727274,4901.709230769231,-103.8,-230.0,-832.9555882352943,-1237.265909090909,-2225.624,-99.0033846153846,-19516.35
-216.5028571428572,12934.86347826087,-103.8,-230.0,-804.4913333333332,-1086.9953488372093,-2590.5096,-98.0297643097642,-39872.22
-212.2027272727274,11690.699090909091,-103.8,-230.0,-832.9555882352943,-1115.2309523809522,-2225.624,-99.0033846153846,-17863.89
-212.2027272727274,12861.769,-103.8,-230.0,-832.9555882352943,-1115.2309523809522,-2225.624,-99.0033846153846,-20882.17
-212.2027272727274,12861.769,-103.8,-230.0,-832.9555882352943,-1115.2309523809522,-2225.624,-99.0033846153846,-20882.239999999998
-212.2027272727274,8051.106875000001,-103.8,-230.0,-832.9555882352943,-1115.2309523809522,-2225.624,-99.0033846153846,-8136.299999999997
-212.2027272727274,12861.769,-103.8,-230.0,-832.9555882352943,-1115.2309523809522,-2225.624,-99.0033846153846,32876.990000000005
-212.2027272727274,12861.769,-103.8,-230.0,-832.9555882352943,-1115.2309523809522,-2225.624,-99.0033846153846,-20882.17
0.0,204.397857142857,0.0,0.0,0.0,-837.2,0.0,0.0,7629.6
0.0,-133.33333333333334,0.0,0.0,0.0,58.40999999999999,-9.0,0.0,1564.14
-212.2027272727274,-175.89400000000023,-103.8,-230.0,-832.9555882352943,-1115.2309523809522,-2225.624,-99.0033846153846,8952.77
-212.2027272727274,12861.769,-103.8,-230.0,-832.9555882352943,-1115.2309523809522,-2225.624,-99.0033846153846,-20577.65546416792
-212.2027272727274,12861.769,-103.8,-230.0,-832.9555882352943,-1115.2309523809522,-2225.624,-99.0033846153846,-20882.17
-212.2027272727274,12861.769,-103.8,-230.0,-832.9555882352943,-1115.2309523809522,-2225.624,-99.0033846153846,31452.939245852198
-212.2027272727274,12861.769,-103.8,-230.0,-832.9555882352943,-1115.2309523809522,-2225.624,-99.0033846153846,-20882.17
-212.2027272727274,12861.769,-103.8,-230.0,-832.9555882352943,-1115.2309523809522,-2225.624,-99.0033846153846,-20882.17
1122.0,-566.9933333333333,0.0,0.0,0.0,0.0,0.0,0.0,56338.01
0.0,-73.32812500000091,0.0,0.0,0.0,-3800.0,0.0,0.0,55124.98
-220.00666666666672,12991.089999999998,-103.8,-230.0,-780.8868292682928,-1060.043181818182,-2833.766666666667,-97.27185628742515,34769.11
0.0,-20.0,0.0,0.0,0.0,0.0,0.0,0.0,56777.44
0.0,384.12874999999997,0.0,0.0,0.0,-151.22222222222223,0.0,0.0,37615.23
0.0,33.33666666666674,0.0,0.0,0.0,0.0,0.0,0.0,66505.03
0.0,-5390.9592,0.0,0.0,0.0,0.0,0.0,0.0,83594.1
1122.0,-566.9933333333333,0.0,0.0,0.0,0.0,0.0,0.0,2578.8499999999995
0.0,-73.32812500000091,0.0,0.0,0.0,-3800.0,0.0,0.0,1365.82
-220.00666666666672,12991.089999999998,-103.8,-230.0,-780.8868292682928,-1060.043181818182,-2833.766666666667,-97.27185628742515,-18990.05
0.0,-20.0,0.0,0.0,0.0,0.0,0.0,0.0,3018.28
0.0,33.33666666666674,0.0,0.0,0.0,0.0,0.0,0.0,12745.87
0.0,-5390.9592,0.0,0.0,0.0,0.0,0.0,0.0,29834.94
1122.0,-566.9933333333333,0.0,0.0,0.0,0.0,0.0,0.0,12413.79
0.0,-73.32812500000091,0.0,0.0,0.0,-3800.0,0.0,0.0,11200.76
0.0,0.0,0.0,0.0,0.0,-62138.18660956931,0.0,0.0,0.7767273326196164
-220.00666666666672,12991.089999999998,-103.8,-230.0,-780.8868292682928,-1060.043181818182,-2833.766666666667,-97.27185628742515,-9155.109999999999
0.0,-20.0,0.0,0.0,0.0,0.0,0.0,0.0,12853.220000000001
0.0,33.33666666666674,0.0,0.0,0.0,0.0,0.0,0.0,22580.81
0.0,-5390.9592,0.0,0.0,0.0,0.0,0.0,0.0,39669.88
1122.0,-566.9933333333333,0.0,0.0,0.0,0.0,0.0,0.0,2883.364535832076
0.0,-73.32812500000091,0.0,0.0,0.0,-3800.0,0.0,0.0,1670.3345358320762
-220.00666666666672,12991.089999999998,-103.8,-230.0,-780.8868292682928,-1060.043181818182,-2833.766666666667,-97.27185628742515,-18685.535464167922
0.0,-20.0,0.0,0.0,0.0,0.0,0.0,0.0,3322.7945358320767
0.0,33.33666666666674,0.0,0.0,0.0,0.0,0.0,0.0,13050.384535832078
0.0,-5390.9592,0.0,0.0,0.0,0.0,0.0,0.0,30139.454535832076
0.0,-23.579500000000003,0.0,0.0,0.0,0.0,0.0,0.0,18943.7703
1122.0,-566.9933333333333,0.0,0.0,0.0,0.0,0.0,0.0,2578.8499999999995
0.0,-73.32812500000091,0.0,0.0,0.0,-3800.0,0.0,0.0,1365.82
-220.00666666666672,12991.089999999998,-103.8,-230.0,-780.8868292682928,-1060.043181818182,-2833.766666666667,-97.27185628742515,-18990.05
0.0,-20.0,0.0,0.0,0.0,0.0,0.0,0.0,3018.28
0.0,33.33666666666674,0.0,0.0,0.0,0.0,0.0,0.0,12745.87
0.0,-5390.9592,0.0,0.0,0.0,0.0,0.0,0.0,29834.94
1122.0,-566.9933333333333,0.0,0.0,0.0,0.0,0.0,0.0,54913.959245852195
0.0,-73.32812500000091,0.0,0.0,0.0,-3800.0,0.0,0.0,53700.929245852196
-220.00666666666672,12991.089999999998,-103.8,-230.0,-780.8868292682928,-1060.043181818182,-2833.766666666667,-97.27185628742515,33345.0592458522
0.0,-20.0,0.0,0.0,0.0,0.0,0.0,0.0,55353.389245852195
0.0,14.488150869262602,0.0,0.0,0.0,0.0,0.0,0.0,15659.832771143872
0.0,33.33666666666674,0.0,0.0,0.0,0.0,0.0,0.0,65080.9792458522
0.0,-5390.9592,0.0,0.0,0.0,0.0,0.0,0.0,82170.04924585219
1122.0,-566.9933333333333,0.0,0.0,0.0,0.0,0.0,0.0,2578.8499999999995
0.0,-73.32812500000091,0.0,0.0,0.0,-3800.0,0.0,0.0,1365.82
-220.00666666666672,12991.089999999998,-103.8,-230.0,-780.8868292682928,-1060.043181818182,-2833.766666666667,-97.27185628742515,-18990.05
0.0,-20.0,0.0,0.0,0.0,0.0,0.0,0.0,3018.28
0.0,33.33666666666674,0.0,0.0,0.0,0.0,0.0,0.0,12745.87
0.0,-5390.9592,0.0,0.0,0.0,0.0,0.0,0.0,29834.94
1122.0,-566.9933333333333,0.0,0.0,0.0,0.0,0.0,0.0,2578.8499999999995
0.0,-73.32812500000091,0.0,0.0,0.0,-3800.0,0.0,0.0,1365.82
0.0,56.96000439210519,0.0,0.0,0.0,0.0,0.0,0.0,-15659.832771143872
-220.00666666666672,12991.089999999998,-103.8,-230.0,-780.8868292682928,-1060.043181818182,-2833.766666666667,-97.27185628742515,-18990.05
0.0,-20.0,0.0,0.0,0.0,0.0,0.0,0.0,3018.28
0.0,33.33666666666674,0.0,0.0,0.0,0.0,0.0,0.0,12745.87
0.0,-5390.9592,0.0,0.0,0.0,0.0,0.0,0.0,29834.94
1122.0,-566.9933333333333,0.0,0.0,0.0,0.0,0.0,0.0,2578.8499999999995
1122.0,-566.9933333333333,0.0,0.0,0.0,0.0,0.0,0.0,2578.8499999999995
1122.0,-151.27526315789606,0.0,0.0,0.0,-3800.0,0.0,0.0,3944.669999999999
-210.13897058823542,10448.949374999998,-103.8,-230.0,-780.8868292682928,-1060.043181818182,-2833.766666666667,-97.27185628742515,-16411.2
1122.0,-430.245,0.0,0.0,0.0,0.0,0.0,0.0,5597.129999999999
1122.0,-566.9933333333333,0.0,0.0,0.0,0.0,0.0,0.0,2578.8499999999995
1122.0,-566.9933333333333,0.0,0.0,0.0,0.0,0.0,0.0,2578.8499999999995
1122.0,-566.9933333333333,0.0,0.0,0.0,0.0,0.0,0.0,2578.7799999999993
1122.0,-166.77333333333323,0.0,0.0,0.0,0.0,0.0,0.0,15324.720000000001
1122.0,-566.9933333333333,0.0,0.0,0.0,0.0,0.0,0.0,56338.01
1122.0,-566.9933333333333,0.0,0.0,0.0,0.0,0.0,0.0,2578.8499999999995
1122.0,-4874.105714285715,0.0,0.0,0.0,0.0,0.0,0.0,32413.789999999997
1122.0,-566.9933333333333,0.0,0.0,0.0,0.0,0.0,0.0,2883.364535832076
1122.0,-566.9933333333333,0.0,0.0,0.0,0.0,0.0,0.0,2578.8499999999995
1122.0,-566.9933333333333,0.0,0.0,0.0,0.0,0.0,0.0,54913.959245852195
1122.0,-566.9933333333333,0.0,0.0,0.0,0.0,0.0,0.0,2578.8499999999995
1122.0,-566.9933333333333,0.0,0.0,0.0,0.0,0.0,0.0,2578.8499999999995
-512.0,-163.185,-50000.0,0.0,0.0,-12591.75,0.0,0.0,616447.61
0.0,-73.32812500000091,0.0,0.0,0.0,-3800.0,0.0,0.0,1365.82
-220.00666666666672,12991.089999999998,-103.8,-230.0,-780.8868292682928,-1060.043181818182,-2833.766666666667,-97.27185628742515,-18990.05
0.0,-20.0,0.0,0.0,0.0,0.0,0.0,0.0,3018.28
0.0,33.33666666666674,0.0,0.0,0.0,0.0,0.0,0.0,12745.87
0.0,-5390.9592,0.0,0.0,0.0,0.0,0.0,0.0,29834.94
0.0,-73.32812500000091,0.0,0.0,0.0,-3800.0,0.0,0.0,1365.82
-220.00666666666672,12991.089999999998,-103.8,-230.0,-780.8868292682928,-1060.043181818182,-2833.766666666667,-97.27185628742515,-18990.05
0.0,-20.0,0.0,0.0,0.0,0.0,0.0,0.0,3018.28
0.0,33.33666666666674,0.0,0.0,0.0,0.0,0.0,0.0,12745.87
0.0,-5390.9592,0.0,0.0,0.0,0.0,0.0,0.0,29834.94
0.0,-3946.2536363636373,0.0,0.0,0.0,-3800.0,0.0,0.0,1365.82
-220.00666666666672,5783.135172413791,-103.8,-230.0,-780.8868292682928,-1179.1717391304348,-2833.766666666667,-97.27185628742515,-17624.23
0.0,-70.19117647058908,0.0,0.0,0.0,-3800.0,0.0,0.0,4384.1
0.0,-73.32812500000091,0.0,0.0,0.0,-3800.0,0.0,0.0,1365.82
0.0,-73.32812500000091,0.0,0.0,0.0,-3800.0,0.0,0.0,1365.75
0.0,-44.237727272727746,0.0,0.0,0.0,-3800.0,0.0,0.0,14111.69
0.0,-73.32812500000091,0.0,0.0,0.0,-3800.0,0.0,0.0,55124.98
0.0,-73.32812500000091,0.0,0.0,0.0,-3800.0,0.0,0.0,1365.82
0.0,-3315.7860975609765,0.0,0.0,0.0,-3800.0,0.0,0.0,31200.76
0.0,-73.32812500000091,0.0,0.0,0.0,-3800.0,0.0,0.0,1670.3345358320762
0.0,-73.32812500000091,0.0,0.0,0.0,-3800.0,0.0,0.0,1365.82
-212.2027272727274,12861.769,-103.8,-230.0,-832.9555882352943,-1115.2309523809522,-2225.624,-99.0033846153846,-20882.17
0.0,-73.32812500000091,0.0,0.0,0.0,-3800.0,0.0,0.0,53700.929245852196
0.0,-73.32812500000091,0.0,0.0,0.0,-3800.0,0.0,0.0,1365.82
0.0,-73.32812500000091,0.0,0.0,0.0,-3800.0,0.0,0.0,1365.82
-220.00666666666672,12061.726428571428,-103.8,-230.0,-780.8868292682928,-1060.043181818182,-2833.766666666667,-97.27185628742515,-15971.769999999999
-220.00666666666672,12991.089999999998,-103.8,-230.0,-780.8868292682928,-1060.043181818182,-2833.766666666667,-97.27185628742515,-18990.05
-220.00666666666672,12991.089999999998,-103.8,-230.0,-780.8868292682928,-1060.043181818182,-2833.766666666667,-97.27185628742515,-18990.12
-220.00666666666672,8899.167894736842,-103.8,-230.0,-780.8868292682928,-1060.043181818182,-2833.766666666667,-97.27185628742515,-6244.1799999999985
-220.00666666666672,12991.089999999998,-103.8,-230.0,-780.8868292682928,-1060.043181818182,-2833.766666666667,-97.27185628742515,34769.11
-220.00666666666672,12991.089999999998,-103.8,-230.0,-780.8868292682928,-1060.043181818182,-2833.766666666667,-97.27185628742515,-18990.05
-220.00666666666672,897.6365789473678,-103.8,-230.0,-780.8868292682928,-1060.043181818182,-2833.766666666667,-97.27185628742515,10844.89
0.0,86.53607142857133,0.0,0.0,0.0,-837.2,0.0,0.0,7680.71
1122.0,-566.9933333333333,0.0,0.0,0.0,0.0,0.0,0.0,2578.8499999999995
-220.00666666666672,12991.089999999998,-103.8,-230.0,-780.8868292682928,-1060.043181818182,-2833.766666666667,-97.27185628742515,-18685.535464167922
-220.00666666666672,12991.089999999998,-103.8,-230.0,-780.8868292682928,-1060.043181818182,-2833.766666666667,-97.27185628742515,-18990.05
-220.00666666666672,12991.089999999998,-103.8,-230.0,-780.8868292682928,-1060.043181818182,-2833.766666666667,-97.27185628742515,33345.0592458522
-220.00666666666672,12991.089999999998,-103.8,-230.0,-780.8868292682928,-1060.043181818182,-2833.766666666667,-97.27185628742515,-18990.05
-220.00666666666672,12991.089999999998,-103.8,-230.0,-780.8868292682928,-1060.043181818182,-2833.766666666667,-97.27185628742515,-18990.05
0.0,-20.0,0.0,0.0,0.0,0.0,0.0,0.0,3018.28
0.0,-20.0,0.0,0.0,0.0,0.0,0.0,0.0,3018.21
0.0,25.71714285714292,0.0,0.0,0.0,0.0,0.0,0.0,15764.150000000001
0.0,-20.0,0.0,0.0,0.0,0.0,0.0,0.0,56777.44
0.0,-20.0,0.0,0.0,0.0,0.0,0.0,0.0,3018.28
0.0,-73.32812500000091,0.0,0.0,0.0,-3800.0,0.0,0.0,1365.82
0.0,-5184.383846153846,0.0,0.0,0.0,0.0,0.0,0.0,32853.22
0.0,-20.0,0.0,0.0,0.0,0.0,0.0,0.0,3322.7945358320767
0.0,-20.0,0.0,0.0,0.0,0.0,0.0,0.0,3018.28
0.0,-20.0,0.0,0.0,0.0,0.0,0.0,0.0,55353.389245852195
0.0,-20.0,0.0,0.0,0.0,0.0,0.0,0.0,3018.28
0.0,-20.0,0.0,0.0,0.0,0.0,0.0,0.0,3018.28
0.0,33.33666666666674,0.0,0.0,0.0,0.0,0.0,0.0,12745.87
0.0,-5390.9592,0.0,0.0,0.0,0.0,0.0,0.0,29834.94
0.0,33.33666666666674,0.0,0.0,0.0,0.0,0.0,0.0,12745.800000000001
0.0,-5390.9592,0.0,0.0,0.0,0.0,0.0,0.0,29834.87
-220.00666666666672,12991.089999999998,-103.8,-230.0,-780.8868292682928,-1060.043181818182,-2833.766666666667,-97.27185628742515,-18990.05
0.0,33.33666666666674,0.0,0.0,0.0,0.0,0.0,0.0,66505.03
0.0,33.33666666666674,0.0,0.0,0.0,0.0,0.0,0.0,12745.87
0.0,-4341.095483870969,0.0,0.0,0.0,0.0,0.0,0.0,42580.81
0.0,33.33666666666674,0.0,0.0,0.0,0.0,0.0,0.0,13050.384535832078
0.0,33.33666666666674,0.0,0.0,0.0,0.0,0.0,0.0,12745.87
0.0,33.33666666666674,0.0,0.0,0.0,0.0,0.0,0.0,65080.9792458522
0.0,33.33666666666674,0.0,0.0,0.0,0.0,0.0,0.0,12745.87
0.0,33.33666666666674,0.0,0.0,0.0,0.0,0.0,0.0,12745.87
0.0,-5390.9592,0.0,0.0,0.0,0.0,0.0,0.0,83594.1
0.0,-5390.9592,0.0,0.0,0.0,0.0,0.0,0.0,29834.94
0.0,-20.0,0.0,0.0,0.0,0.0,0.0,0.0,3018.28
0.0,-5390.9592,0.0,0.0,0.0,0.0,0.0,0.0,30139.454535832076
0.0,-5390.9592,0.0,0.0,0.0,0.0,0.0,0.0,29834.94
0.0,-5390.9592,0.0,0.0,0.0,0.0,0.0,0.0,82170.04924585219
0.0,-5390.9592,0.0,0.0,0.0,0.0,0.0,0.0,29834.94
0.0,-5390.9592,0.0,0.0,0.0,0.0,0.0,0.0,29834.94
0.0,33.33666666666674,0.0,0.0,0.0,0.0,0.0,0.0,12745.87
0.0,-5390.9592,0.0,0.0,0.0,0.0,0.0,0.0,29834.94
0.0,-31.32571428571428,0.0,0.0,0.0,0.0,0.0,0.0,51.11
0.0,-31.32571428571428,0.0,0.0,0.0,0.0,0.0,0.0,1991.7399999999998
0.0,-31.32571428571428,0.0,0.0,0.0,0.0,0.0,0.0,51.11
0.0,-31.32571428571428,0.0,0.0,0.0,0.0,0.0,0.0,51.11
0.0,171.66263157894727,0.0,0.0,0.0,-837.2,0.0,0.0,20575.47
0.0,-43.78961538461541,0.0,0.0,0.0,0.0,0.0,0.0,11896.99
0.0,-31.32571428571428,0.0,0.0,0.0,0.0,0.0,0.0,44220.57
0.0,-31.32571428571428,0.0,0.0,0.0,0.0,0.0,0.0,51.11
0.0,-31.32571428571428,0.0,0.0,0.0,0.0,0.0,0.0,51.11
0.0,-31.32571428571428,0.0,0.0,0.0,0.0,0.0,0.0,51.11
0.0,-2.028421052631625,0.0,0.0,0.0,0.0,0.0,0.0,12996.980000000001
0.0,-2.028421052631625,0.0,0.0,0.0,0.0,0.0,0.0,12996.980000000001
0.0,-11.927000000000044,0.0,0.0,0.0,0.0,0.0,0.0,12796.980000000001
0.0,-31.32571428571428,0.0,0.0,0.0,0.0,0.0,0.0,56.11
0.0,-31.32571428571428,0.0,0.0,0.0,0.0,0.0,0.0,11968.7
0.0,171.66263157894727,0.0,0.0,0.0,-837.2,0.0,0.0,20575.47
0.0,-31.32571428571428,0.0,0.0,0.0,0.0,0.0,0.0,51.11
0.0,-31.32571428571428,0.0,0.0,0.0,0.0,0.0,0.0,-5530.789999999999
0.0,-71.24173913043478,0.0,0.0,0.0,58.40999999999999,-9.0,0.0,1615.25
0.0,-31.32571428571428,0.0,0.0,0.0,0.0,0.0,0.0,51.11
0.0,119.74863636363638,0.0,0.0,0.0,-151.22222222222223,0.0,0.0,37666.340000000004
0.0,-31.32571428571428,0.0,0.0,0.0,0.0,0.0,0.0,2408.29
0.0,-31.32571428571428,0.0,0.0,0.0,0.0,0.0,0.0,51.11
0.0,-31.32571428571428,0.0,0.0,0.0,-62138.18660956931,0.0,0.0,51.886727332619614
0.0,-29.60433333333333,0.0,0.0,0.0,0.0,0.0,0.0,18994.8803
0.0,-17.581554739221215,0.0,0.0,0.0,0.0,0.0,0.0,15710.942771143873
0.0,153.0794999999999,0.0,0.0,0.0,-837.2,0.0,0.0,20375.47
0.0,-4.839998682368444,0.0,0.0,0.0,0.0,0.0,0.0,-15608.722771143872
0.0,-31.32571428571428,0.0,0.0,0.0,0.0,0.0,0.0,1991.7399999999998
0.0,-31.32571428571428,0.0,0.0,0.0,0.0,0.0,0.0,51.11
0.0,-31.32571428571428,0.0,0.0,0.0,0.0,0.0,0.0,51.11
1122.0,-125.85529411764706,0.0,0.0,0.0,0.0,0.0,0.0,2629.9599999999996
0.0,-31.32571428571428,0.0,0.0,0.0,0.0,0.0,0.0,51.11
0.0,-31.32571428571428,0.0,0.0,0.0,0.0,0.0,0.0,51.11
0.0,-31.32571428571428,0.0,0.0,0.0,0.0,0.0,0.0,264.07
0.0,-31.32571428571428,0.0,0.0,0.0,0.0,0.0,0.0,51.11
0.0,-31.32571428571428,0.0,0.0,0.0,0.0,0.0,0.0,51.11
0.0,204.397857142857,0.0,0.0,0.0,-837.2,0.0,0.0,7634.6
-512.0,-79.27454545454545,-50000.0,0.0,0.0,-12591.75,0.0,0.0,616498.72
0.0,-31.32571428571428,0.0,0.0,0.0,0.0,0.0,0.0,51.65370913283373
0.0,-31.32571428571428,0.0,0.0,0.0,0.0,0.0,0.0,47993.51000000001
0.0,-31.32571428571428,0.0,0.0,0.0,0.0,0.0,0.0,51.11
0.0,-1753.8940000000002,0.0,0.0,0.0,-3800.0,0.0,0.0,1416.9299999999998
-212.2027272727274,5340.797083333334,-103.8,-230.0,-832.9555882352943,-1115.2309523809522,-2225.624,-99.0033846153846,-20831.059999999998
0.0,-31.32571428571428,0.0,0.0,0.0,0.0,0.0,0.0,53810.270000000004
0.0,-31.32571428571428,0.0,0.0,0.0,0.0,0.0,0.0,51.11
0.0,-31.32571428571428,0.0,0.0,0.0,0.0,0.0,0.0,9886.050000000001
0.0,-31.32571428571428,0.0,0.0,0.0,0.0,0.0,0.0,355.62453583207633
0.0,204.397857142857,0.0,0.0,0.0,-837.2,0.0,0.0,19547.190000000002
0.0,-31.32571428571428,0.0,0.0,0.0,0.0,0.0,0.0,51.11
0.0,-31.32571428571428,0.0,0.0,0.0,0.0,0.0,0.0,52386.2192458522
0.0,-31.32571428571428,0.0,0.0,0.0,0.0,0.0,0.0,51.11
0.0,-31.32571428571428,0.0,0.0,0.0,0.0,0.0,0.0,51.11
1122.0,-125.85529411764706,0.0,0.0,0.0,0.0,0.0,0.0,2629.9599999999996
0.0,-31.32571428571428,0.0,0.0,0.0,0.0,0.0,0.0,51.11
0.0,-31.32571428571428,0.0,0.0,0.0,0.0,0.0,0.0,51.11
0.0,-53.72700000000041,0.0,0.0,0.0,-3800.0,0.0,0.0,1416.9299999999998
-220.00666666666672,6238.726296296296,-103.8,-230.0,-780.8868292682928,-1060.043181818182,-2833.766666666667,-97.27185628742515,-18938.94
0.0,-30.570666666666664,0.0,0.0,0.0,0.0,0.0,0.0,3069.3900000000003
0.0,204.397857142857,0.0,0.0,0.0,-837.2,0.0,0.0,7629.6
0.0,-31.32571428571428,0.0,0.0,0.0,0.0,0.0,0.0,51.11
0.0,-31.32571428571428,0.0,0.0,0.0,0.0,0.0,0.0,51.04
0.0,-11.927000000000044,0.0,0.0,0.0,0.0,0.0,0.0,12796.980000000001
0.0,-31.32571428571428,0.0,0.0,0.0,0.0,0.0,0.0,53810.270000000004
0.0,-31.32571428571428,0.0,0.0,0.0,0.0,0.0,0.0,51.11
0.0,-3466.988205128205,0.0,0.0,0.0,0.0,0.0,0.0,29886.05
0.0,-31.32571428571428,0.0,0.0,0.0,0.0,0.0,0.0,355.62453583207633
0.0,-31.32571428571428,0.0,0.0,0.0,0.0,0.0,0.0,51.11
0.0,-31.32571428571428,0.0,0.0,0.0,0.0,0.0,0.0,52386.2192458522
0.0,-31.32571428571428,0.0,0.0,0.0,0.0,0.0,0.0,51.11
0.0,204.397857142857,0.0,0.0,0.0,-837.2,0.0,0.0,7629.6
0.0,204.397857142857,0.0,0.0,0.0,-837.2,0.0,0.0,2047.7000000000016
0.0,-31.32571428571428,0.0,0.0,0.0,0.0,0.0,0.0,51.11
0.0,-58.33083333333343,0.0,0.0,0.0,0.0,0.0,0.0,11845.88
0.0,-31.32571428571428,0.0,0.0,0.0,0.0,0.0,0.0,51.11
0.0,80.00400000000009,0.0,0.0,0.0,0.0,0.0,0.0,12945.87
0.0,80.00400000000009,0.0,0.0,0.0,0.0,0.0,0.0,12945.87
0.0,33.33666666666674,0.0,0.0,0.0,0.0,0.0,0.0,12745.87
0.0,-133.33333333333334,0.0,0.0,0.0,58.40999999999999,-9.0,0.0,1564.14
0.0,384.12874999999997,0.0,0.0,0.0,-151.22222222222223,0.0,0.0,37615.23
0.0,0.0,0.0,0.0,0.0,-62138.18660956931,0.0,0.0,0.7767273326196164
0.0,-23.579500000000003,0.0,0.0,0.0,0.0,0.0,0.0,18943.7703
0.0,72.24217391304339,0.0,0.0,0.0,-240.12666666666664,-9.0,0.0,9193.74
0.0,14.488150869262602,0.0,0.0,0.0,0.0,0.0,0.0,15659.832771143872
0.0,56.96000439210519,0.0,0.0,0.0,0.0,0.0,0.0,-15659.832771143872
1122.0,-566.9933333333333,0.0,0.0,0.0,0.0,0.0,0.0,2578.8499999999995
-512.0,-163.185,-50000.0,0.0,0.0,-12591.75,0.0,0.0,616447.61
0.0,-3946.2536363636373,0.0,0.0,0.0,-3800.0,0.0,0.0,1365.82
-212.2027272727274,12861.769,-103.8,-230.0,-832.9555882352943,-1115.2309523809522,-2225.624,-99.0033846153846,-20882.17
1122.0,-566.9933333333333,0.0,0.0,0.0,0.0,0.0,0.0,2578.8499999999995
0.0,-73.32812500000091,0.0,0.0,0.0,-3800.0,0.0,0.0,1365.82
-220.00666666666672,12991.089999999998,-103.8,-230.0,-780.8868292682928,-1060.043181818182,-2833.766666666667,-97.27185628742515,-18990.05
0.0,-20.0,0.0,0.0,0.0,0.0,0.0,0.0,3018.28
0.0,204.397857142857,0.0,0.0,0.0,-837.2,0.0,0.0,7629.6
0.0,33.33666666666674,0.0,0.0,0.0,0.0,0.0,0.0,12745.87
0.0,-5390.9592,0.0,0.0,0.0,0.0,0.0,0.0,29834.94
0.0,-58.33083333333343,0.0,0.0,0.0,0.0,0.0,0.0,13786.509999999998
0.0,-31.32571428571428,0.0,0.0,0.0,0.0,0.0,0.0,1991.7399999999998
0.0,80.00400000000009,0.0,0.0,0.0,0.0,0.0,0.0,14886.5
0.0,80.00400000000009,0.0,0.0,0.0,0.0,0.0,0.0,14886.5
0.0,33.33666666666674,0.0,0.0,0.0,0.0,0.0,0.0,14686.5
0.0,-133.33333333333334,0.0,0.0,0.0,58.40999999999999,-9.0,0.0,3504.77
0.0,384.12874999999997,0.0,0.0,0.0,-151.22222222222223,0.0,0.0,39555.86
0.0,0.0,0.0,0.0,0.0,-62138.18660956931,0.0,0.0,1941.4067273326195
0.0,269.75454545454534,0.0,0.0,0.0,-396.2142857142857,0.0,0.0,45244.83
0.0,-23.579500000000003,0.0,0.0,0.0,0.0,0.0,0.0,20884.4003
0.0,14.488150869262602,0.0,0.0,0.0,0.0,0.0,0.0,17600.462771143873
0.0,56.96000439210519,0.0,0.0,0.0,0.0,0.0,0.0,-13719.202771143873
1122.0,-566.9933333333333,0.0,0.0,0.0,0.0,0.0,0.0,4519.48
-512.0,-163.185,-50000.0,0.0,0.0,-12591.75,0.0,0.0,618388.24
0.0,-3946.2536363636373,0.0,0.0,0.0,-3800.0,0.0,0.0,3306.45
-212.2027272727274,12861.769,-103.8,-230.0,-832.9555882352943,-1115.2309523809522,-2225.624,-99.0033846153846,-18941.539999999997
1122.0,-566.9933333333333,0.0,0.0,0.0,0.0,0.0,0.0,4519.48
0.0,-73.32812500000091,0.0,0.0,0.0,-3800.0,0.0,0.0,3306.45
-220.00666666666672,12991.089999999998,-103.8,-230.0,-780.8868292682928,-1060.043181818182,-2833.766666666667,-97.27185628742515,-17049.42
0.0,204.397857142857,0.0,0.0,0.0,-837.2,0.0,0.0,9986.78
0.0,-20.0,0.0,0.0,0.0,0.0,0.0,0.0,4958.91
0.0,33.33666666666674,0.0,0.0,0.0,0.0,0.0,0.0,14686.5
0.0,-5390.9592,0.0,0.0,0.0,0.0,0.0,0.0,31775.57
0.0,-58.33083333333343,0.0,0.0,0.0,0.0,0.0,0.0,11845.88
0.0,-31.32571428571428,0.0,0.0,0.0,0.0,0.0,0.0,51.11
0.0,80.00400000000009,0.0,0.0,0.0,0.0,0.0,0.0,12945.87
0.0,80.00400000000009,0.0,0.0,0.0,0.0,0.0,0.0,12945.87
0.0,33.33666666666674,0.0,0.0,0.0,0.0,0.0,0.0,12745.87
0.0,-133.33333333333334,0.0,0.0,0.0,58.40999999999999,-9.0,0.0,1564.14
0.0,384.12874999999997,0.0,0.0,0.0,-151.22222222222223,0.0,0.0,37615.23
0.0,204.397857142857,0.0,0.0,0.0,-837.2,0.0,0.0,7629.6
0.0,0.0,0.0,0.0,0.0,-62138.18660956931,0.0,0.0,0.7767273326196164
0.0,-23.579500000000003,0.0,0.0,0.0,0.0,0.0,0.0,18943.7703
0.0,14.488150869262602,0.0,0.0,0.0,0.0,0.0,0.0,15659.832771143872
0.0,56.96000439210519,0.0,0.0,0.0,0.0,0.0,0.0,-15659.832771143872
1122.0,-566.9933333333333,0.0,0.0,0.0,0.0,0.0,0.0,2578.8499999999995
-512.0,-163.185,-50000.0,0.0,0.0,-12591.75,0.0,0.0,616447.61
0.0,-3946.2536363636373,0.0,0.0,0.0,-3800.0,0.0,0.0,1365.82
-212.2027272727274,12861.769,-103.8,-230.0,-832.9555882352943,-1115.2309523809522,-2225.624,-99.0033846153846,-20882.17
1122.0,-566.9933333333333,0.0,0.0,0.0,0.0,0.0,0.0,2578.8499999999995
0.0,-73.32812500000091,0.0,0.0,0.0,-3800.0,0.0,0.0,1365.82
0.0,204.397857142857,0.0,0.0,0.0,-11054.031101594885,0.0,0.0,7630.37672733262
-220.00666666666672,12991.089999999998,-103.8,-230.0,-780.8868292682928,-1060.043181818182,-2833.766666666667,-97.27185628742515,-18990.05
0.0,-20.0,0.0,0.0,0.0,0.0,0.0,0.0,3018.28
0.0,33.33666666666674,0.0,0.0,0.0,0.0,0.0,0.0,12745.87
0.0,-5390.9592,0.0,0.0,0.0,0.0,0.0,0.0,29834.94
0.0,-58.33083333333343,0.0,0.0,0.0,0.0,0.0,0.0,11845.88
0.0,-31.32571428571428,0.0,0.0,0.0,0.0,0.0,0.0,51.11
0.0,80.00400000000009,0.0,0.0,0.0,0.0,0.0,0.0,12945.87
0.0,80.00400000000009,0.0,0.0,0.0,0.0,0.0,0.0,12945.87
0.0,33.33666666666674,0.0,0.0,0.0,0.0,0.0,0.0,12745.87
0.0,-133.33333333333334,0.0,0.0,0.0,58.40999999999999,-9.0,0.0,1564.14
0.0,153.73622222222212,0.0,0.0,0.0,-837.2,0.0,0.0,26573.370300000002
0.0,384.12874999999997,0.0,0.0,0.0,-151.22222222222223,0.0,0.0,37615.23
0.0,0.0,0.0,0.0,0.0,-62138.18660956931,0.0,0.0,0.7767273326196164
0.0,-23.579500000000003,0.0,0.0,0.0,0.0,0.0,0.0,18943.7703
0.0,14.488150869262602,0.0,0.0,0.0,0.0,0.0,0.0,15659.832771143872
0.0,56.96000439210519,0.0,0.0,0.0,0.0,0.0,0.0,-15659.832771143872
1122.0,-566.9933333333333,0.0,0.0,0.0,0.0,0.0,0.0,2578.8499999999995
-512.0,-163.185,-50000.0,0.0,0.0,-12591.75,0.0,0.0,616447.61
0.0,-3946.2536363636373,0.0,0.0,0.0,-3800.0,0.0,0.0,1365.82
-212.2027272727274,12861.769,-103.8,-230.0,-832.9555882352943,-1115.2309523809522,-2225.624,-99.0033846153846,-20882.17
1122.0,-566.9933333333333,0.0,0.0,0.0,0.0,0.0,0.0,2578.8499999999995
0.0,147.42494526077868,0.0,0.0,0.0,-837.2,0.0,0.0,23289.432771143875
0.0,-73.32812500000091,0.0,0.0,0.0,-3800.0,0.0,0.0,1365.82
-220.00666666666672,12991.089999999998,-103.8,-230.0,-780.8868292682928,-1060.043181818182,-2833.766666666667,-97.27185628742515,-18990.05
0.0,-20.0,0.0,0.0,0.0,0.0,0.0,0.0,3018.28
0.0,33.33666666666674,0.0,0.0,0.0,0.0,0.0,0.0,12745.87
0.0,-5390.9592,0.0,0.0,0.0,0.0,0.0,0.0,29834.94
0.0,-58.33083333333343,0.0,0.0,0.0,0.0,0.0,0.0,56015.34
0.0,-58.33083333333343,0.0,0.0,0.0,0.0,0.0,0.0,11845.88
0.0,-58.33083333333343,0.0,0.0,0.0,0.0,0.0,0.0,11845.88
0.0,-43.78961538461543,0.0,0.0,0.0,0.0,0.0,0.0,11896.99
0.0,-17.644117647058867,0.0,0.0,0.0,0.0,0.0,0.0,24791.75
0.0,160.16650131763146,0.0,0.0,0.0,-837.2,0.0,0.0,-8030.232771143872
0.0,-17.644117647058867,0.0,0.0,0.0,0.0,0.0,0.0,24791.75
0.0,-27.77500000000004,0.0,0.0,0.0,0.0,0.0,0.0,24591.75
0.0,-58.33083333333343,0.0,0.0,0.0,0.0,0.0,0.0,11850.88
0.0,-58.33083333333343,0.0,0.0,0.0,0.0,0.0,0.0,23763.47
0.0,-58.33083333333343,0.0,0.0,0.0,0.0,0.0,0.0,11845.88
0.0,-58.33083333333343,0.0,0.0,0.0,0.0,0.0,0.0,6263.9800000000005
0.0,-90.47476190476196,0.0,0.0,0.0,58.40999999999999,-9.0,0.0,13410.019999999999
0.0,-58.33083333333343,0.0,0.0,0.0,0.0,0.0,0.0,11845.88
0.0,118.65299999999993,0.0,0.0,0.0,-151.22222222222223,0.0,0.0,49461.11
0.0,-58.33083333333343,0.0,0.0,0.0,0.0,0.0,0.0,14203.06
0.0,204.397857142857,0.0,0.0,0.0,-837.2,0.0,0.0,7629.6
0.0,204.397857142857,0.0,0.0,0.0,-837.2,0.0,0.0,9570.23
0.0,-58.33083333333343,0.0,0.0,0.0,0.0,0.0,0.0,11845.88
0.0,-58.33083333333343,0.0,0.0,0.0,-62138.18660956931,0.0,0.0,11846.656727332618
0.0,-49.64300000000007,0.0,0.0,0.0,0.0,0.0,0.0,30789.6503
0.0,-34.057838599134755,0.0,0.0,0.0,0.0,0.0,0.0,27505.712771143873
0.0,-19.90055409152056,0.0,0.0,0.0,0.0,0.0,0.0,-3813.952771143873
0.0,-58.33083333333343,0.0,0.0,0.0,0.0,0.0,0.0,13786.509999999998
0.0,-58.33083333333343,0.0,0.0,0.0,0.0,0.0,0.0,11845.88
0.0,-58.33083333333343,0.0,0.0,0.0,0.0,0.0,0.0,11845.88
1122.0,-160.06333333333345,0.0,0.0,0.0,0.0,0.0,0.0,14424.73
0.0,-58.33083333333343,0.0,0.0,0.0,0.0,0.0,0.0,11845.88
0.0,204.397857142857,0.0,0.0,0.0,-837.2,0.0,0.0,7629.6
0.0,-58.33083333333343,0.0,0.0,0.0,0.0,0.0,0.0,11845.88
0.0,-58.33083333333343,0.0,0.0,0.0,0.0,0.0,0.0,12058.839999999998
0.0,-58.33083333333343,0.0,0.0,0.0,0.0,0.0,0.0,11845.88
0.0,-58.33083333333343,0.0,0.0,0.0,0.0,0.0,0.0,11845.88
-512.0,-100.27250000000006,-50000.0,0.0,0.0,-12591.75,0.0,0.0,628293.49
0.0,-58.33083333333343,0.0,0.0,0.0,0.0,0.0,0.0,11846.423709132832
0.0,-58.33083333333343,0.0,0.0,0.0,0.0,0.0,0.0,59788.280000000006
0.0,-58.33083333333343,0.0,0.0,0.0,0.0,0.0,0.0,11845.88
0.0,-1917.7721739130438,0.0,0.0,0.0,-3800.0,0.0,0.0,13211.699999999999
-212.2027272727274,5814.441818181818,-103.8,-230.0,-832.9555882352943,-1115.2309523809522,-2225.624,-99.0033846153846,-9036.289999999999
0.0,204.397857142857,0.0,0.0,0.0,-837.2,0.0,0.0,7629.6
0.0,-58.33083333333343,0.0,0.0,0.0,0.0,0.0,0.0,65605.04000000001
0.0,-58.33083333333343,0.0,0.0,0.0,0.0,0.0,0.0,11845.88
0.0,-58.33083333333343,0.0,0.0,0.0,0.0,0.0,0.0,21680.82
0.0,-58.33083333333343,0.0,0.0,0.0,0.0,0.0,0.0,12150.394535832076
0.0,-58.33083333333343,0.0,0.0,0.0,0.0,0.0,0.0,11845.88
0.0,-58.33083333333343,0.0,0.0,0.0,0.0,0.0,0.0,64180.98924585219
0.0,-58.33083333333343,0.0,0.0,0.0,0.0,0.0,0.0,11845.88
0.0,-58.33083333333343,0.0,0.0,0.0,0.0,0.0,0.0,11845.88
1122.0,-160.06333333333345,0.0,0.0,0.0,0.0,0.0,0.0,14424.73
0.0,-58.33083333333343,0.0,0.0,0.0,0.0,0.0,0.0,11845.88
1122.0,68.26999999999987,0.0,0.0,0.0,-837.2,0.0,0.0,10208.45
0.0,-58.33083333333343,0.0,0.0,0.0,0.0,0.0,0.0,11845.88
0.0,-66.90071428571484,0.0,0.0,0.0,-3800.0,0.0,0.0,13211.699999999999
-220.00666666666672,6727.3679999999995,-103.8,-230.0,-780.8868292682928,-1060.043181818182,-2833.766666666667,-97.27185628742515,-7144.17
0.0,-55.38230769230778,0.0,0.0,0.0,0.0,0.0,0.0,14864.16
0.0,-58.33083333333343,0.0,0.0,0.0,0.0,0.0,0.0,11845.88
0.0,-58.33083333333343,0.0,0.0,0.0,0.0,0.0,0.0,11845.81
0.0,-27.77500000000004,0.0,0.0,0.0,0.0,0.0,0.0,24591.75
0.0,-58.33083333333343,0.0,0.0,0.0,0.0,0.0,0.0,65605.04000000001
0.0,-58.33083333333343,0.0,0.0,0.0,0.0,0.0,0.0,11845.88
0.0,-3661.4581081081083,0.0,0.0,0.0,0.0,0.0,0.0,41680.82
0.0,204.397857142857,0.0,0.0,0.0,-837.2,0.0,0.0,7629.6
0.0,-58.33083333333343,0.0,0.0,0.0,0.0,0.0,0.0,12150.394535832076
0.0,-58.33083333333343,0.0,0.0,0.0,0.0,0.0,0.0,11845.88
0.0,-58.33083333333343,0.0,0.0,0.0,0.0,0.0,0.0,64180.98924585219
0.0,-58.33083333333343,0.0,0.0,0.0,0.0,0.0,0.0,11845.88
0.0,-58.33083333333343,0.0,0.0,0.0,0.0,0.0,0.0,11845.88
0.0,-31.32571428571428,0.0,0.0,0.0,0.0,0.0,0.0,44220.57
0.0,80.00400000000009,0.0,0.0,0.0,0.0,0.0,0.0,57115.33
0.0,80.00400000000009,0.0,0.0,0.0,0.0,0.0,0.0,57115.33
0.0,33.33666666666674,0.0,0.0,0.0,0.0,0.0,0.0,56915.33
0.0,-133.33333333333334,0.0,0.0,0.0,58.40999999999999,-9.0,0.0,45733.6
0.0,204.397857142857,0.0,0.0,0.0,-837.2,0.0,0.0,7629.6
0.0,384.12874999999997,0.0,0.0,0.0,-151.22222222222223,0.0,0.0,81784.69
0.0,0.0,0.0,0.0,0.0,-62138.18660956931,0.0,0.0,44170.236727332616
0.0,-23.579500000000003,0.0,0.0,0.0,0.0,0.0,0.0,63113.230299999996
0.0,14.488150869262602,0.0,0.0,0.0,0.0,0.0,0.0,59829.29277114387
0.0,56.96000439210519,0.0,0.0,0.0,0.0,0.0,0.0,28509.627228856127
1122.0,-566.9933333333333,0.0,0.0,0.0,0.0,0.0,0.0,46748.31
-512.0,-163.185,-50000.0,0.0,0.0,-12591.75,0.0,0.0,660617.07
0.0,-3946.2536363636373,0.0,0.0,0.0,-3800.0,0.0,0.0,45535.28
-212.2027272727274,12861.769,-103.8,-230.0,-832.9555882352943,-1115.2309523809522,-2225.624,-99.0033846153846,23287.29
1122.0,-566.9933333333333,0.0,0.0,0.0,0.0,0.0,0.0,46748.31
0.0,204.397857142857,0.0,0.0,0.0,-837.2,0.0,0.0,7842.56
0.0,-73.32812500000091,0.0,0.0,0.0,-3800.0,0.0,0.0,45535.28
-220.00666666666672,12991.089999999998,-103.8,-230.0,-780.8868292682928,-1060.043181818182,-2833.766666666667,-97.27185628742515,25179.41
0.0,-20.0,0.0,0.0,0.0,0.0,0.0,0.0,47187.74
0.0,33.33666666666674,0.0,0.0,0.0,0.0,0.0,0.0,56915.33
0.0,-5390.9592,0.0,0.0,0.0,0.0,0.0,0.0,74004.4
0.0,-31.32571428571428,0.0,0.0,0.0,0.0,0.0,0.0,51.11
0.0,80.00400000000009,0.0,0.0,0.0,0.0,0.0,0.0,12945.87
0.0,80.00400000000009,0.0,0.0,0.0,0.0,0.0,0.0,12945.87
0.0,33.33666666666674,0.0,0.0,0.0,0.0,0.0,0.0,12745.87
0.0,-133.33333333333334,0.0,0.0,0.0,58.40999999999999,-9.0,0.0,1564.14
0.0,204.397857142857,0.0,0.0,0.0,-837.2,0.0,0.0,7629.6
0.0,384.12874999999997,0.0,0.0,0.0,-151.22222222222223,0.0,0.0,37615.23
0.0,0.0,0.0,0.0,0.0,-62138.18660956931,0.0,0.0,0.7767273326196164
0.0,-23.579500000000003,0.0,0.0,0.0,0.0,0.0,0.0,18943.7703
0.0,14.488150869262602,0.0,0.0,0.0,0.0,0.0,0.0,15659.832771143872
0.0,56.96000439210519,0.0,0.0,0.0,0.0,0.0,0.0,-15659.832771143872
1122.0,-566.9933333333333,0.0,0.0,0.0,0.0,0.0,0.0,2578.8499999999995
-512.0,-163.185,-50000.0,0.0,0.0,-12591.75,0.0,0.0,616447.61
0.0,-3946.2536363636373,0.0,0.0,0.0,-3800.0,0.0,0.0,1365.82
-212.2027272727274,12861.769,-103.8,-230.0,-832.9555882352943,-1115.2309523809522,-2225.624,-99.0033846153846,-20882.17
1122.0,-566.9933333333333,0.0,0.0,0.0,0.0,0.0,0.0,2578.8499999999995
0.0,204.397857142857,0.0,0.0,0.0,-837.2,0.0,0.0,7629.6
0.0,-73.32812500000091,0.0,0.0,0.0,-3800.0,0.0,0.0,1365.82
-220.00666666666672,12991.089999999998,-103.8,-230.0,-780.8868292682928,-1060.043181818182,-2833.766666666667,-97.27185628742515,-18990.05
0.0,-20.0,0.0,0.0,0.0,0.0,0.0,0.0,3018.28
0.0,33.33666666666674,0.0,0.0,0.0,0.0,0.0,0.0,12745.87
0.0,-5390.9592,0.0,0.0,0.0,0.0,0.0,0.0,29834.94
0.0,-31.32571428571428,0.0,0.0,0.0,0.0,0.0,0.0,51.11
0.0,80.00400000000009,0.0,0.0,0.0,0.0,0.0,0.0,12945.87
0.0,80.00400000000009,0.0,0.0,0.0,0.0,0.0,0.0,12945.87
0.0,33.33666666666674,0.0,0.0,0.0,0.0,0.0,0.0,12745.87
0.0,-133.33333333333334,0.0,0.0,0.0,58.40999999999999,-9.0,0.0,1564.14
-512.0,70.73136363636354,-50000.0,0.0,0.0,-6061.444444444444,0.0,0.0,624077.21
0.0,384.12874999999997,0.0,0.0,0.0,-151.22222222222223,0.0,0.0,37615.23
0.0,0.0,0.0,0.0,0.0,-62138.18660956931,0.0,0.0,0.7767273326196164
0.0,-23.579500000000003,0.0,0.0,0.0,0.0,0.0,0.0,18943.7703
0.0,14.488150869262602,0.0,0.0,0.0,0.0,0.0,0.0,15659.832771143872
0.0,56.96000439210519,0.0,0.0,0.0,0.0,0.0,0.0,-15659.832771143872
1122.0,-566.9933333333333,0.0,0.0,0.0,0.0,0.0,0.0,2578.8499999999995
-512.0,-163.185,-50000.0,0.0,0.0,-12591.75,0.0,0.0,616447.61
0.0,-3946.2536363636373,0.0,0.0,0.0,-3800.0,0.0,0.0,1365.82
-212.2027272727274,12861.769,-103.8,-230.0,-832.9555882352943,-1115.2309523809522,-2225.624,-99.0033846153846,-20882.17
1122.0,-566.9933333333333,0.0,0.0,0.0,0.0,0.0,0.0,2578.8499999999995
0.0,86.53607142857133,0.0,0.0,0.0,-837.2,0.0,0.0,7680.71
0.0,204.397857142857,0.0,0.0,0.0,-837.2,0.0,0.0,7630.143709132834
0.0,-73.32812500000091,0.0,0.0,0.0,-3800.0,0.0,0.0,1365.82
-220.00666666666672,12991.089999999998,-103.8,-230.0,-780.8868292682928,-1060.043181818182,-2833.766666666667,-97.27185628742515,-18990.05
0.0,-20.0,0.0,0.0,0.0,0.0,0.0,0.0,3018.28
0.0,33.33666666666674,0.0,0.0,0.0,0.0,0.0,0.0,12745.87
0.0,-5390.9592,0.0,0.0,0.0,0.0,0.0,0.0,29834.94
0.0,-2.028421052631625,0.0,0.0,0.0,0.0,0.0,0.0,12996.980000000001
0.0,-2.028421052631625,0.0,0.0,0.0,0.0,0.0,0.0,12996.980000000001
0.0,-11.927000000000044,0.0,0.0,0.0,0.0,0.0,0.0,12796.980000000001
0.0,-31.32571428571428,0.0,0.0,0.0,0.0,0.0,0.0,56.11
0.0,-31.32571428571428,0.0,0.0,0.0,0.0,0.0,0.0,11968.7
0.0,204.397857142857,0.0,0.0,0.0,-837.2,0.0,0.0,55572.00000000001
0.0,-31.32571428571428,0.0,0.0,0.0,0.0,0.0,0.0,51.11
0.0,-31.32571428571428,0.0,0.0,0.0,0.0,0.0,0.0,-5530.789999999999
0.0,-71.24173913043478,0.0,0.0,0.0,58.40999999999999,-9.0,0.0,1615.25
0.0,-31.32571428571428,0.0,0.0,0.0,0.0,0.0,0.0,51.11
0.0,119.74863636363638,0.0,0.0,0.0,-151.22222222222223,0.0,0.0,37666.340000000004
0.0,-31.32571428571428,0.0,0.0,0.0,0.0,0.0,0.0,2408.29
0.0,-31.32571428571428,0.0,0.0,0.0,0.0,0.0,0.0,51.11
0.0,-31.32571428571428,0.0,0.0,0.0,-62138.18660956931,0.0,0.0,51.886727332619614
0.0,-29.60433333333333,0.0,0.0,0.0,0.0,0.0,0.0,18994.8803
0.0,-17.581554739221215,0.0,0.0,0.0,0.0,0.0,0.0,15710.942771143873
0.0,204.397857142857,0.0,0.0,0.0,-837.2,0.0,0.0,7629.6
0.0,-4.839998682368444,0.0,0.0,0.0,0.0,0.0,0.0,-15608.722771143872
0.0,-31.32571428571428,0.0,0.0,0.0,0.0,0.0,0.0,1991.7399999999998
0.0,-31.32571428571428,0.0,0.0,0.0,0.0,0.0,0.0,51.11
0.0,-31.32571428571428,0.0,0.0,0.0,0.0,0.0,0.0,51.11
1122.0,-125.85529411764706,0.0,0.0,0.0,0.0,0.0,0.0,2629.9599999999996
0.0,-31.32571428571428,0.0,0.0,0.0,0.0,0.0,0.0,51.11
0.0,-31.32571428571428,0.0,0.0,0.0,0.0,0.0,0.0,51.11
0.0,-31.32571428571428,0.0,0.0,0.0,0.0,0.0,0.0,264.07
0.0,-31.32571428571428,0.0,0.0,0.0,0.0,0.0,0.0,51.11
0.0,-31.32571428571428,0.0,0.0,0.0,0.0,0.0,0.0,51.11
0.0,-1621.8888,0.0,0.0,0.0,-1331.0,0.0,0.0,8995.42
-512.0,-79.27454545454545,-50000.0,0.0,0.0,-12591.75,0.0,0.0,616498.72
0.0,-31.32571428571428,0.0,0.0,0.0,0.0,0.0,0.0,51.65370913283373
0.0,-31.32571428571428,0.0,0.0,0.0,0.0,0.0,0.0,47993.51000000001
0.0,-31.32571428571428,0.0,0.0,0.0,0.0,0.0,0.0,51.11
0.0,-1753.8940000000002,0.0,0.0,0.0,-3800.0,0.0,0.0,1416.9299999999998
-212.2027272727274,5340.797083333334,-103.8,-230.0,-832.9555882352943,-1115.2309523809522,-2225.624,-99.0033846153846,-20831.059999999998
0.0,-31.32571428571428,0.0,0.0,0.0,0.0,0.0,0.0,53810.270000000004
0.0,-31.32571428571428,0.0,0.0,0.0,0.0,0.0,0.0,51.11
0.0,-31.32571428571428,0.0,0.0,0.0,0.0,0.0,0.0,9886.050000000001
0.0,-31.32571428571428,0.0,0.0,0.0,0.0,0.0,0.0,355.62453583207633
-212.2027272727274,5478.302499999999,-103.8,-230.0,-832.9555882352943,-1061.7634615384616,-2225.624,-99.0033846153846,-13252.569999999998
0.0,-31.32571428571428,0.0,0.0,0.0,0.0,0.0,0.0,51.11
0.0,-31.32571428571428,0.0,0.0,0.0,0.0,0.0,0.0,52386.2192458522
0.0,-31.32571428571428,0.0,0.0,0.0,0.0,0.0,0.0,51.11
0.0,-31.32571428571428,0.0,0.0,0.0,0.0,0.0,0.0,51.11
1122.0,-125.85529411764706,0.0,0.0,0.0,0.0,0.0,0.0,2629.9599999999996
0.0,-31.32571428571428,0.0,0.0,0.0,0.0,0.0,0.0,51.11
0.0,-31.32571428571428,0.0,0.0,0.0,0.0,0.0,0.0,51.11
0.0,-53.72700000000041,0.0,0.0,0.0,-3800.0,0.0,0.0,1416.9299999999998
-220.00666666666672,6238.726296296296,-103.8,-230.0,-780.8868292682928,-1060.043181818182,-2833.766666666667,-97.27185628742515,-18938.94
0.0,-30.570666666666664,0.0,0.0,0.0,0.0,0.0,0.0,3069.3900000000003
0.0,204.397857142857,0.0,0.0,0.0,-837.2,0.0,0.0,61388.76
0.0,-31.32571428571428,0.0,0.0,0.0,0.0,0.0,0.0,51.11
0.0,-31.32571428571428,0.0,0.0,0.0,0.0,0.0,0.0,51.04
0.0,-11.927000000000044,0.0,0.0,0.0,0.0,0.0,0.0,12796.980000000001
0.0,-31.32571428571428,0.0,0.0,0.0,0.0,0.0,0.0,53810.270000000004
0.0,-31.32571428571428,0.0,0.0,0.0,0.0,0.0,0.0,51.11
0.0,-3466.988205128205,0.0,0.0,0.0,0.0,0.0,0.0,29886.05
0.0,-31.32571428571428,0.0,0.0,0.0,0.0,0.0,0.0,355.62453583207633
0.0,-31.32571428571428,0.0,0.0,0.0,0.0,0.0,0.0,51.11
0.0,-31.32571428571428,0.0,0.0,0.0,0.0,0.0,0.0,52386.2192458522
0.0,-31.32571428571428,0.0,0.0,0.0,0.0,0.0,0.0,51.11
0.0,204.397857142857,0.0,0.0,0.0,-837.2,0.0,0.0,7629.6
0.0,-31.32571428571428,0.0,0.0,0.0,0.0,0.0,0.0,51.11
0.0,80.00400000000009,0.0,0.0,0.0,0.0,0.0,0.0,12945.87
0.0,54.549090909090985,0.0,0.0,0.0,0.0,0.0,0.0,25691.74
0.0,80.00400000000009,0.0,0.0,0.0,0.0,0.0,0.0,12950.87
0.0,80.00400000000009,0.0,0.0,0.0,0.0,0.0,0.0,24863.46
0.0,80.00400000000009,0.0,0.0,0.0,0.0,0.0,0.0,12945.87
0.0,80.00400000000009,0.0,0.0,0.0,0.0,0.0,0.0,7363.970000000002
0.0,-57.14142857142854,0.0,0.0,0.0,58.40999999999999,-9.0,0.0,14510.01
0.0,80.00400000000009,0.0,0.0,0.0,0.0,0.0,0.0,12945.87
0.0,267.15769230769234,0.0,0.0,0.0,-151.22222222222223,0.0,0.0,50561.100000000006
0.0,204.397857142857,0.0,0.0,0.0,-837.2,0.0,0.0,17464.54
0.0,80.00400000000009,0.0,0.0,0.0,0.0,0.0,0.0,15303.050000000001
0.0,80.00400000000009,0.0,0.0,0.0,0.0,0.0,0.0,12945.87
0.0,80.00400000000009,0.0,0.0,0.0,-62138.18660956931,0.0,0.0,12946.64672733262
0.0,33.96688888888893,0.0,0.0,0.0,0.0,0.0,0.0,31889.6403
0.0,44.2680822923251,0.0,0.0,0.0,0.0,0.0,0.0,28605.70277114387
0.0,67.43454785023924,0.0,0.0,0.0,0.0,0.0,0.0,-2713.9627711438716
0.0,80.00400000000009,0.0,0.0,0.0,0.0,0.0,0.0,14886.5
0.0,80.00400000000009,0.0,0.0,0.0,0.0,0.0,0.0,12945.87
0.0,80.00400000000009,0.0,0.0,0.0,0.0,0.0,0.0,12945.87
1122.0,-162.61999999999995,0.0,0.0,0.0,0.0,0.0,0.0,15524.720000000001
0.0,204.397857142857,0.0,0.0,0.0,-837.2,0.0,0.0,7934.114535832076
0.0,80.00400000000009,0.0,0.0,0.0,0.0,0.0,0.0,12945.87
0.0,80.00400000000009,0.0,0.0,0.0,0.0,0.0,0.0,12945.87
0.0,80.00400000000009,0.0,0.0,0.0,0.0,0.0,0.0,13158.83
0.0,80.00400000000009,0.0,0.0,0.0,0.0,0.0,0.0,12945.87
0.0,80.00400000000009,0.0,0.0,0.0,0.0,0.0,0.0,12945.87
-512.0,-69.6507692307692,-50000.0,0.0,0.0,-12591.75,0.0,0.0,629393.48
0.0,80.00400000000009,0.0,0.0,0.0,0.0,0.0,0.0,12946.413709132834
0.0,80.00400000000009,0.0,0.0,0.0,0.0,0.0,0.0,60888.27000000001
0.0,80.00400000000009,0.0,0.0,0.0,0.0,0.0,0.0,12945.87
0.0,-2688.0481250000003,0.0,0.0,0.0,-3800.0,0.0,0.0,14311.69
0.0,204.397857142857,0.0,0.0,0.0,-837.2,0.0,0.0,7629.6
-212.2027272727274,8601.180666666665,-103.8,-230.0,-832.9555882352943,-1115.2309523809522,-2225.624,-99.0033846153846,-7936.299999999997
0.0,80.00400000000009,0.0,0.0,0.0,0.0,0.0,0.0,66705.03
0.0,80.00400000000009,0.0,0.0,0.0,0.0,0.0,0.0,12945.87
0.0,80.00400000000009,0.0,0.0,0.0,0.0,0.0,0.0,22780.81
0.0,80.00400000000009,0.0,0.0,0.0,0.0,0.0,0.0,13250.384535832078
0.0,80.00400000000009,0.0,0.0,0.0,0.0,0.0,0.0,12945.87
0.0,80.00400000000009,0.0,0.0,0.0,0.0,0.0,0.0,65280.9792458522
0.0,80.00400000000009,0.0,0.0,0.0,0.0,0.0,0.0,12945.87
0.0,80.00400000000009,0.0,0.0,0.0,0.0,0.0,0.0,12945.87
1122.0,-162.61999999999995,0.0,0.0,0.0,0.0,0.0,0.0,15524.720000000001
0.0,204.397857142857,0.0,0.0,0.0,-837.2,0.0,0.0,7629.6
0.0,204.397857142857,0.0,0.0,0.0,-837.2,0.0,0.0,59964.709245852195
0.0,80.00400000000009,0.0,0.0,0.0,0.0,0.0,0.0,12945.87
0.0,80.00400000000009,0.0,0.0,0.0,0.0,0.0,0.0,12945.87
0.0,-36.82047619047669,0.0,0.0,0.0,-3800.0,0.0,0.0,14311.69
-220.00666666666672,9404.67722222222,-103.8,-230.0,-780.8868292682928,-1060.043181818182,-2833.766666666667,-97.27185628742515,-6044.1799999999985
0.0,63.33666666666674,0.0,0.0,0.0,0.0,0.0,0.0,15964.150000000001
0.0,80.00400000000009,0.0,0.0,0.0,0.0,0.0,0.0,12945.87
0.0,80.00400000000009,0.0,0.0,0.0,0.0,0.0,0.0,12945.800000000001
0.0,54.549090909090985,0.0,0.0,0.0,0.0,0.0,0.0,25691.74
0.0,80.00400000000009,0.0,0.0,0.0,0.0,0.0,0.0,66705.03
0.0,80.00400000000009,0.0,0.0,0.0,0.0,0.0,0.0,12945.87
0.0,204.397857142857,0.0,0.0,0.0,-837.2,0.0,0.0,7629.6
0.0,-4479.1320000000005,0.0,0.0,0.0,0.0,0.0,0.0,42780.81
0.0,80.00400000000009,0.0,0.0,0.0,0.0,0.0,0.0,13250.384535832078
0.0,80.00400000000009,0.0,0.0,0.0,0.0,0.0,0.0,12945.87
0.0,80.00400000000009,0.0,0.0,0.0,0.0,0.0,0.0,65280.9792458522
0.0,80.00400000000009,0.0,0.0,0.0,0.0,0.0,0.0,12945.87
0.0,80.00400000000009,0.0,0.0,0.0,0.0,0.0,0.0,12945.87
0.0,54.549090909090985,0.0,0.0,0.0,0.0,0.0,0.0,25691.74
0.0,80.00400000000009,0.0,0.0,0.0,0.0,0.0,0.0,12950.87
0.0,80.00400000000009,0.0,0.0,0.0,0.0,0.0,0.0,24863.46
0.0,80.00400000000009,0.0,0.0,0.0,0.0,0.0,0.0,12945.87
0.0,204.397857142857,0.0,0.0,0.0,-837.2,0.0,0.0,7629.6
0.0,80.00400000000009,0.0,0.0,0.0,0.0,0.0,0.0,7363.970000000002
0.0,-57.14142857142854,0.0,0.0,0.0,58.40999999999999,-9.0,0.0,14510.01
0.0,80.00400000000009,0.0,0.0,0.0,0.0,0.0,0.0,12945.87
0.0,267.15769230769234,0.0,0.0,0.0,-151.22222222222223,0.0,0.0,50561.100000000006
0.0,80.00400000000009,0.0,0.0,0.0,0.0,0.0,0.0,15303.050000000001
0.0,80.00400000000009,0.0,0.0,0.0,0.0,0.0,0.0,12945.87
0.0,80.00400000000009,0.0,0.0,0.0,-62138.18660956931,0.0,0.0,12946.64672733262
0.0,33.96688888888893,0.0,0.0,0.0,0.0,0.0,0.0,31889.6403
0.0,44.2680822923251,0.0,0.0,0.0,0.0,0.0,0.0,28605.70277114387
0.0,67.43454785023924,0.0,0.0,0.0,0.0,0.0,0.0,-2713.9627711438716
1122.0,68.26999999999987,0.0,0.0,0.0,-837.2,0.0,0.0,10208.45
0.0,80.00400000000009,0.0,0.0,0.0,0.0,0.0,0.0,14886.5
0.0,80.00400000000009,0.0,0.0,0.0,0.0,0.0,0.0,12945.87
0.0,80.00400000000009,0.0,0.0,0.0,0.0,0.0,0.0,12945.87
1122.0,-162.61999999999995,0.0,0.0,0.0,0.0,0.0,0.0,15524.720000000001
0.0,80.00400000000009,0.0,0.0,0.0,0.0,0.0,0.0,12945.87
0.0,80.00400000000009,0.0,0.0,0.0,0.0,0.0,0.0,12945.87
0.0,80.00400000000009,0.0,0.0,0.0,0.0,0.0,0.0,13158.83
0.0,80.00400000000009,0.0,0.0,0.0,0.0,0.0,0.0,12945.87
0.0,80.00400000000009,0.0,0.0,0.0,0.0,0.0,0.0,12945.87
-512.0,-69.6507692307692,-50000.0,0.0,0.0,-12591.75,0.0,0.0,629393.48
0.0,204.397857142857,0.0,0.0,0.0,-837.2,0.0,0.0,7629.6
0.0,80.00400000000009,0.0,0.0,0.0,0.0,0.0,0.0,12946.413709132834
0.0,80.00400000000009,0.0,0.0,0.0,0.0,0.0,0.0,60888.27000000001
0.0,80.00400000000009,0.0,0.0,0.0,0.0,0.0,0.0,12945.87
0.0,-2688.0481250000003,0.0,0.0,0.0,-3800.0,0.0,0.0,14311.69
-212.2027272727274,8601.180666666665,-103.8,-230.0,-832.9555882352943,-1115.2309523809522,-2225.624,-99.0033846153846,-7936.299999999997
0.0,80.00400000000009,0.0,0.0,0.0,0.0,0.0,0.0,66705.03
0.0,80.00400000000009,0.0,0.0,0.0,0.0,0.0,0.0,12945.87
0.0,80.00400000000009,0.0,0.0,0.0,0.0,0.0,0.0,22780.81
0.0,80.00400000000009,0.0,0.0,0.0,0.0,0.0,0.0,13250.384535832078
0.0,80.00400000000009,0.0,0.0,0.0,0.0,0.0,0.0,12945.87
0.0,204.397857142857,0.0,0.0,0.0,-837.2,0.0,0.0,7629.6
0.0,80.00400000000009,0.0,0.0,0.0,0.0,0.0,0.0,65280.9792458522
0.0,80.00400000000009,0.0,0.0,0.0,0.0,0.0,0.0,12945.87
0.0,80.00400000000009,0.0,0.0,0.0,0.0,0.0,0.0,12945.87
1122.0,-162.61999999999995,0.0,0.0,0.0,0.0,0.0,0.0,15524.720000000001
0.0,80.00400000000009,0.0,0.0,0.0,0.0,0.0,0.0,12945.87
0.0,80.00400000000009,0.0,0.0,0.0,0.0,0.0,0.0,12945.87
0.0,-36.82047619047669,0.0,0.0,0.0,-3800.0,0.0,0.0,14311.69
-220.00666666666672,9404.67722222222,-103.8,-230.0,-780.8868292682928,-1060.043181818182,-2833.766666666667,-97.27185628742515,-6044.1799999999985
0.0,63.33666666666674,0.0,0.0,0.0,0.0,0.0,0.0,15964.150000000001
0.0,80.00400000000009,0.0,0.0,0.0,0.0,0.0,0.0,12945.87
0.0,56.27733333333308,0.0,0.0,0.0,-1331.0,0.0,0.0,8995.42
0.0,80.00400000000009,0.0,0.0,0.0,0.0,0.0,0.0,12945.800000000001
0.0,54.549090909090985,0.0,0.0,0.0,0.0,0.0,0.0,25691.74
0.0,80.00400000000009,0.0,0.0,0.0,0.0,0.0,0.0,66705.03
0.0,80.00400000000009,0.0,0.0,0.0,0.0,0.0,0.0,12945.87
0.0,-4479.1320000000005,0.0,0.0,0.0,0.0,0.0,0.0,42780.81
0.0,80.00400000000009,0.0,0.0,0.0,0.0,0.0,0.0,13250.384535832078
0.0,80.00400000000009,0.0,0.0,0.0,0.0,0.0,0.0,12945.87
0.0,80.00400000000009,0.0,0.0,0.0,0.0,0.0,0.0,65280.9792458522
0.0,80.00400000000009,0.0,0.0,0.0,0.0,0.0,0.0,12945.87
0.0,80.00400000000009,0.0,0.0,0.0,0.0,0.0,0.0,12945.87
-220.00666666666672,6360.953333333333,-103.8,-230.0,-780.8868292682928,-1018.775925925926,-2833.766666666667,-97.27185628742515,-11360.449999999999
0.0,33.33666666666674,0.0,0.0,0.0,0.0,0.0,0.0,12750.87
0.0,33.33666666666674,0.0,0.0,0.0,0.0,0.0,0.0,24663.46
0.0,33.33666666666674,0.0,0.0,0.0,0.0,0.0,0.0,12745.87
0.0,33.33666666666674,0.0,0.0,0.0,0.0,0.0,0.0,7163.970000000002
0.0,-66.66533333333331,0.0,0.0,0.0,58.40999999999999,-9.0,0.0,14310.01
0.0,33.33666666666674,0.0,0.0,0.0,0.0,0.0,0.0,12745.87
0.0,233.78928571428574,0.0,0.0,0.0,-151.22222222222223,0.0,0.0,50361.100000000006
0.0,33.33666666666674,0.0,0.0,0.0,0.0,0.0,0.0,15103.050000000001
0.0,33.33666666666674,0.0,0.0,0.0,0.0,0.0,0.0,12745.87
0.0,33.33666666666674,0.0,0.0,0.0,-62138.18660956931,0.0,0.0,12746.64672733262
0.0,189.43799999999985,0.0,0.0,0.0,-837.2,0.0,0.0,10647.880000000001
0.0,10.570200000000046,0.0,0.0,0.0,0.0,0.0,0.0,31689.6403
0.0,23.912408767964674,0.0,0.0,0.0,0.0,0.0,0.0,28405.70277114387
0.0,45.14833552938597,0.0,0.0,0.0,0.0,0.0,0.0,-2913.9627711438716
0.0,33.33666666666674,0.0,0.0,0.0,0.0,0.0,0.0,14686.5
0.0,33.33666666666674,0.0,0.0,0.0,0.0,0.0,0.0,12745.87
0.0,33.33666666666674,0.0,0.0,0.0,0.0,0.0,0.0,12745.87
1122.0,-166.77333333333328,0.0,0.0,0.0,0.0,0.0,0.0,15324.720000000001
0.0,33.33666666666674,0.0,0.0,0.0,0.0,0.0,0.0,12745.87
0.0,33.33666666666674,0.0,0.0,0.0,0.0,0.0,0.0,12745.87
0.0,33.33666666666674,0.0,0.0,0.0,0.0,0.0,0.0,12958.83
0.0,204.397857142857,0.0,0.0,0.0,-837.2,0.0,0.0,7629.6
0.0,33.33666666666674,0.0,0.0,0.0,0.0,0.0,0.0,12745.87
0.0,33.33666666666674,0.0,0.0,0.0,0.0,0.0,0.0,12745.87
-512.0,-78.96142857142854,-50000.0,0.0,0.0,-12591.75,0.0,0.0,629193.48
0.0,33.33666666666674,0.0,0.0,0.0,0.0,0.0,0.0,12746.413709132834
0.0,33.33666666666674,0.0,0.0,0.0,0.0,0.0,0.0,60688.27000000001
0.0,33.33666666666674,0.0,0.0,0.0,0.0,0.0,0.0,12745.87
0.0,-2541.6923529411765,0.0,0.0,0.0,-3800.0,0.0,0.0,14111.69
-212.2027272727274,8051.1068749999995,-103.8,-230.0,-832.9555882352943,-1115.2309523809522,-2225.624,-99.0033846153846,-8136.299999999997
0.0,33.33666666666674,0.0,0.0,0.0,0.0,0.0,0.0,66505.03
0.0,33.33666666666674,0.0,0.0,0.0,0.0,0.0,0.0,12745.87
0.0,204.397857142857,0.0,0.0,0.0,-837.2,0.0,0.0,9570.23
0.0,204.397857142857,0.0,0.0,0.0,-837.2,0.0,0.0,7629.530000000001
0.0,33.33666666666674,0.0,0.0,0.0,0.0,0.0,0.0,22580.81
0.0,33.33666666666674,0.0,0.0,0.0,0.0,0.0,0.0,13050.384535832078
0.0,33.33666666666674,0.0,0.0,0.0,0.0,0.0,0.0,12745.87
0.0,33.33666666666674,0.0,0.0,0.0,0.0,0.0,0.0,65080.9792458522
0.0,33.33666666666674,0.0,0.0,0.0,0.0,0.0,0.0,12745.87
0.0,33.33666666666674,0.0,0.0,0.0,0.0,0.0,0.0,12745.87
1122.0,-166.77333333333328,0.0,0.0,0.0,0.0,0.0,0.0,15324.720000000001
0.0,33.33666666666674,0.0,0.0,0.0,0.0,0.0,0.0,12745.87
0.0,33.33666666666674,0.0,0.0,0.0,0.0,0.0,0.0,12745.87
0.0,-44.237727272727746,0.0,0.0,0.0,-3800.0,0.0,0.0,14111.69
0.0,153.0794999999999,0.0,0.0,0.0,-837.2,0.0,0.0,20375.47
-220.00666666666672,8899.16789473684,-103.8,-230.0,-780.8868292682928,-1060.043181818182,-2833.766666666667,-97.27185628742515,-6244.1799999999985
0.0,25.71714285714292,0.0,0.0,0.0,0.0,0.0,0.0,15764.150000000001
0.0,33.33666666666674,0.0,0.0,0.0,0.0,0.0,0.0,12745.87
0.0,33.33666666666674,0.0,0.0,0.0,0.0,0.0,0.0,12745.800000000001
0.0,33.33666666666674,0.0,0.0,0.0,0.0,0.0,0.0,12745.87
0.0,33.33666666666674,0.0,0.0,0.0,0.0,0.0,0.0,66505.03
0.0,33.33666666666674,0.0,0.0,0.0,0.0,0.0,0.0,12745.87
0.0,-4341.095483870969,0.0,0.0,0.0,0.0,0.0,0.0,42580.81
0.0,33.33666666666674,0.0,0.0,0.0,0.0,0.0,0.0,13050.384535832078
0.0,33.33666666666674,0.0,0.0,0.0,0.0,0.0,0.0,12745.87
0.0,204.397857142857,0.0,0.0,0.0,-837.2,0.0,0.0,61388.76
0.0,33.33666666666674,0.0,0.0,0.0,0.0,0.0,0.0,65080.9792458522
0.0,33.33666666666674,0.0,0.0,0.0,0.0,0.0,0.0,12745.87
0.0,33.33666666666674,0.0,0.0,0.0,0.0,0.0,0.0,12745.87
0.0,-133.33333333333334,0.0,0.0,0.0,58.40999999999999,-9.0,0.0,1569.14
0.0,384.12874999999997,0.0,0.0,0.0,-151.22222222222223,0.0,0.0,37620.23
0.0,0.0,0.0,0.0,0.0,-62138.18660956931,0.0,0.0,5.7767273326196165
0.0,-23.579500000000003,0.0,0.0,0.0,0.0,0.0,0.0,18948.7703
0.0,14.488150869262602,0.0,0.0,0.0,0.0,0.0,0.0,15664.832771143872
0.0,56.96000439210519,0.0,0.0,0.0,0.0,0.0,0.0,-15654.832771143872
1122.0,-566.9933333333333,0.0,0.0,0.0,0.0,0.0,0.0,2583.8499999999995
0.0,204.397857142857,0.0,0.0,0.0,-837.2,0.0,0.0,7629.6
-512.0,-163.185,-50000.0,0.0,0.0,-12591.75,0.0,0.0,616452.61
0.0,-3946.2536363636373,0.0,0.0,0.0,-3800.0,0.0,0.0,1370.82
-212.2027272727274,12861.769,-103.8,-230.0,-832.9555882352943,-1115.2309523809522,-2225.624,-99.0033846153846,-20877.17
1122.0,-566.9933333333333,0.0,0.0,0.0,0.0,0.0,0.0,2583.8499999999995
0.0,-73.32812500000091,0.0,0.0,0.0,-3800.0,0.0,0.0,1370.82
-220.00666666666672,12991.089999999998,-103.8,-230.0,-780.8868292682928,-1060.043181818182,-2833.766666666667,-97.27185628742515,-18985.05
0.0,-20.0,0.0,0.0,0.0,0.0,0.0,0.0,3023.28
0.0,33.33666666666674,0.0,0.0,0.0,0.0,0.0,0.0,12750.87
0.0,-5390.9592,0.0,0.0,0.0,0.0,0.0,0.0,29839.94
0.0,-133.33333333333334,0.0,0.0,0.0,58.40999999999999,-9.0,0.0,13481.73
0.0,-3382.3694871794874,0.0,0.0,0.0,-837.2,0.0,0.0,37464.54
0.0,384.12874999999997,0.0,0.0,0.0,-151.22222222222223,0.0,0.0,49532.82000000001
0.0,0.0,0.0,0.0,0.0,-62138.18660956931,0.0,0.0,11918.36672733262
0.0,-23.579500000000003,0.0,0.0,0.0,0.0,0.0,0.0,30861.3603
0.0,14.488150869262602,0.0,0.0,0.0,0.0,0.0,0.0,27577.422771143873
0.0,56.96000439210519,0.0,0.0,0.0,0.0,0.0,0.0,-3742.2427711438722
1122.0,-566.9933333333333,0.0,0.0,0.0,0.0,0.0,0.0,14496.439999999999
-512.0,-163.185,-50000.0,0.0,0.0,-12591.75,0.0,0.0,628365.2
0.0,-3946.2536363636373,0.0,0.0,0.0,-3800.0,0.0,0.0,13283.41
-212.2027272727274,12861.769,-103.8,-230.0,-832.9555882352943,-1115.2309523809522,-2225.624,-99.0033846153846,-8964.579999999998
1122.0,-566.9933333333333,0.0,0.0,0.0,0.0,0.0,0.0,14496.439999999999
0.0,204.397857142857,0.0,0.0,0.0,-837.2,0.0,0.0,7934.114535832076
0.0,-73.32812500000091,0.0,0.0,0.0,-3800.0,0.0,0.0,13283.41
-220.00666666666672,12991.089999999998,-103.8,-230.0,-780.8868292682928,-1060.043181818182,-2833.766666666667,-97.27185628742515,-7072.459999999999
0.0,-20.0,0.0,0.0,0.0,0.0,0.0,0.0,14935.87
0.0,33.33666666666674,0.0,0.0,0.0,0.0,0.0,0.0,24663.46
0.0,-5390.9592,0.0,0.0,0.0,0.0,0.0,0.0,41752.53
0.0,-133.33333333333334,0.0,0.0,0.0,58.40999999999999,-9.0,0.0,1564.14
0.0,384.12874999999997,0.0,0.0,0.0,-151.22222222222223,0.0,0.0,37615.23
0.0,0.0,0.0,0.0,0.0,-62138.18660956931,0.0,0.0,0.7767273326196164
0.0,-23.579500000000003,0.0,0.0,0.0,0.0,0.0,0.0,18943.7703
0.0,14.488150869262602,0.0,0.0,0.0,0.0,0.0,0.0,15659.832771143872
0.0,204.397857142857,0.0,0.0,0.0,-837.2,0.0,0.0,7629.6
0.0,56.96000439210519,0.0,0.0,0.0,0.0,0.0,0.0,-15659.832771143872
1122.0,-566.9933333333333,0.0,0.0,0.0,0.0,0.0,0.0,2578.8499999999995
-512.0,-163.185,-50000.0,0.0,0.0,-12591.75,0.0,0.0,616447.61
0.0,-3946.2536363636373,0.0,0.0,0.0,-3800.0,0.0,0.0,1365.82
-212.2027272727274,12861.769,-103.8,-230.0,-832.9555882352943,-1115.2309523809522,-2225.624,-99.0033846153846,-20882.17
1122.0,-566.9933333333333,0.0,0.0,0.0,0.0,0.0,0.0,2578.8499999999995
0.0,-73.32812500000091,0.0,0.0,0.0,-3800.0,0.0,0.0,1365.82
-220.00666666666672,12991.089999999998,-103.8,-230.0,-780.8868292682928,-1060.043181818182,-2833.766666666667,-97.27185628742515,-18990.05
0.0,-20.0,0.0,0.0,0.0,0.0,0.0,0.0,3018.28
0.0,33.33666666666674,0.0,0.0,0.0,0.0,0.0,0.0,12745.87
0.0,204.397857142857,0.0,0.0,0.0,-837.2,0.0,0.0,59964.709245852195
0.0,-5390.9592,0.0,0.0,0.0,0.0,0.0,0.0,29834.94
0.0,-133.33333333333334,0.0,0.0,0.0,58.40999999999999,-9.0,0.0,-4017.7599999999984
0.0,384.12874999999997,0.0,0.0,0.0,-151.22222222222223,0.0,0.0,32033.330000000005
0.0,0.0,0.0,0.0,0.0,-62138.18660956931,0.0,0.0,-5581.123272667379
0.0,-23.579500000000003,0.0,0.0,0.0,0.0,0.0,0.0,13361.870300000002
0.0,14.488150869262602,0.0,0.0,0.0,0.0,0.0,0.0,10077.932771143875
0.0,56.96000439210519,0.0,0.0,0.0,0.0,0.0,0.0,-21241.73277114387
1122.0,-566.9933333333333,0.0,0.0,0.0,0.0,0.0,0.0,-3003.0499999999993
-512.0,-163.185,-50000.0,0.0,0.0,-12591.75,0.0,0.0,610865.71
0.0,-3946.2536363636373,0.0,0.0,0.0,-3800.0,0.0,0.0,-4216.079999999999
0.0,204.397857142857,0.0,0.0,0.0,-837.2,0.0,0.0,7629.6
-212.2027272727274,12861.769,-103.8,-230.0,-832.9555882352943,-1115.2309523809522,-2225.624,-99.0033846153846,-26464.069999999996
1122.0,-566.9933333333333,0.0,0.0,0.0,0.0,0.0,0.0,-3003.0499999999993
0.0,-73.32812500000091,0.0,0.0,0.0,-3800.0,0.0,0.0,-4216.079999999999
-220.00666666666672,12991.089999999998,-103.8,-230.0,-780.8868292682928,-1060.043181818182,-2833.766666666667,-97.27185628742515,-24571.949999999997
0.0,-20.0,0.0,0.0,0.0,0.0,0.0,0.0,-2563.6199999999985
0.0,33.33666666666674,0.0,0.0,0.0,0.0,0.0,0.0,7163.970000000002
0.0,-5390.9592,0.0,0.0,0.0,0.0,0.0,0.0,24253.04
0.0,-133.33333333333334,0.0,0.0,0.0,58.40999999999999,-9.0,0.0,1564.14
0.0,110.17823529411766,0.0,0.0,0.0,-40.88947368421053,-9.0,0.0,39179.37
0.0,-133.33333333333334,0.0,0.0,0.0,58.40999999999999,-9.0,0.0,3921.3199999999997
0.0,204.397857142857,0.0,0.0,0.0,-837.2,0.0,0.0,7629.6
0.0,-133.33333333333334,0.0,0.0,0.0,58.40999999999999,-9.0,0.0,1564.14
0.0,-133.33333333333334,0.0,0.0,0.0,-5595.826055415392,-9.0,0.0,1564.9167273326198
0.0,-99.56292307692307,0.0,0.0,0.0,58.40999999999999,-9.0,0.0,20507.9103
0.0,-74.20473965229498,0.0,0.0,0.0,58.40999999999999,-9.0,0.0,17223.97277114387
0.0,-57.21599824315793,0.0,0.0,0.0,58.40999999999999,-9.0,0.0,-14095.692771143873
0.0,-133.33333333333334,0.0,0.0,0.0,58.40999999999999,-9.0,0.0,3504.77
0.0,-133.33333333333334,0.0,0.0,0.0,58.40999999999999,-9.0,0.0,1564.14
0.0,-133.33333333333334,0.0,0.0,0.0,58.40999999999999,-9.0,0.0,1564.14
1122.0,-241.74833333333336,0.0,0.0,0.0,58.40999999999999,-9.0,0.0,4142.99
0.0,-133.33333333333334,0.0,0.0,0.0,58.40999999999999,-9.0,0.0,1564.14
0.0,204.397857142857,0.0,0.0,0.0,-837.2,0.0,0.0,7629.6
0.0,-31.32571428571428,0.0,0.0,0.0,0.0,0.0,0.0,44220.57
0.0,-133.33333333333334,0.0,0.0,0.0,58.40999999999999,-9.0,0.0,1564.14
0.0,-133.33333333333334,0.0,0.0,0.0,58.40999999999999,-9.0,0.0,1777.1000000000001
0.0,-133.33333333333334,0.0,0.0,0.0,58.40999999999999,-9.0,0.0,1564.14
0.0,-133.33333333333334,0.0,0.0,0.0,58.40999999999999,-9.0,0.0,1564.14
-512.0,-147.38117647058823,-50000.0,0.0,0.0,-3555.921428571429,-9.0,0.0,618011.75
0.0,-133.33333333333334,0.0,0.0,0.0,58.40999999999999,-9.0,0.0,1564.6837091328339
0.0,-133.33333333333334,0.0,0.0,0.0,58.40999999999999,-9.0,0.0,49506.54000000001
0.0,-133.33333333333334,0.0,0.0,0.0,58.40999999999999,-9.0,0.0,1564.14
0.0,-2230.4395000000004,0.0,0.0,0.0,-292.3545454545455,-9.0,0.0,2929.96
-212.2027272727274,6706.194210526316,-103.8,-230.0,-832.9555882352943,-736.6370967741935,-2024.1127272727272,-99.0033846153846,-19318.03
0.0,-58.33083333333343,0.0,0.0,0.0,0.0,0.0,0.0,56015.34
0.0,-133.33333333333334,0.0,0.0,0.0,58.40999999999999,-9.0,0.0,55323.3
0.0,-133.33333333333334,0.0,0.0,0.0,58.40999999999999,-9.0,0.0,1564.14
0.0,-133.33333333333334,0.0,0.0,0.0,58.40999999999999,-9.0,0.0,11399.08
0.0,-133.33333333333334,0.0,0.0,0.0,58.40999999999999,-9.0,0.0,1868.6545358320764
0.0,-133.33333333333334,0.0,0.0,0.0,58.40999999999999,-9.0,0.0,1564.14
0.0,-133.33333333333334,0.0,0.0,0.0,58.40999999999999,-9.0,0.0,53899.249245852196
0.0,-133.33333333333334,0.0,0.0,0.0,58.40999999999999,-9.0,0.0,1564.14
0.0,-133.33333333333334,0.0,0.0,0.0,58.40999999999999,-9.0,0.0,1564.14
1122.0,-241.74833333333336,0.0,0.0,0.0,58.40999999999999,-9.0,0.0,4142.99
0.0,-133.33333333333334,0.0,0.0,0.0,58.40999999999999,-9.0,0.0,1564.14
0.0,-31.32571428571428,0.0,0.0,0.0,0.0,0.0,0.0,44220.57
0.0,-133.33333333333334,0.0,0.0,0.0,58.40999999999999,-9.0,0.0,1564.14
0.0,-94.93000000000058,0.0,0.0,0.0,-292.3545454545455,-9.0,0.0,2929.96
-220.00666666666672,7622.007727272727,-103.8,-230.0,-780.8868292682928,-710.5265625,-2657.21875,-97.27185628742515,-17425.91
0.0,-122.0,0.0,0.0,0.0,58.40999999999999,-9.0,0.0,4582.42
0.0,-133.33333333333334,0.0,0.0,0.0,58.40999999999999,-9.0,0.0,1564.14
0.0,-133.33333333333334,0.0,0.0,0.0,58.40999999999999,-9.0,0.0,1564.0700000000002
0.0,-66.66533333333331,0.0,0.0,0.0,58.40999999999999,-9.0,0.0,14310.01
0.0,-133.33333333333334,0.0,0.0,0.0,58.40999999999999,-9.0,0.0,55323.3
0.0,-133.33333333333334,0.0,0.0,0.0,58.40999999999999,-9.0,0.0,1564.14
0.0,-3999.2347058823534,0.0,0.0,0.0,58.40999999999999,-9.0,0.0,31399.079999999998
0.0,80.00400000000009,0.0,0.0,0.0,0.0,0.0,0.0,57115.33
0.0,-133.33333333333334,0.0,0.0,0.0,58.40999999999999,-9.0,0.0,1868.6545358320764
0.0,-133.33333333333334,0.0,0.0,0.0,58.40999999999999,-9.0,0.0,1564.14
0.0,-133.33333333333334,0.0,0.0,0.0,58.40999999999999,-9.0,0.0,53899.249245852196
0.0,-133.33333333333334,0.0,0.0,0.0,58.40999999999999,-9.0,0.0,1564.14
0.0,-133.33333333333334,0.0,0.0,0.0,58.40999999999999,-9.0,0.0,1564.14
0.0,384.12874999999997,0.0,0.0,0.0,-151.22222222222223,0.0,0.0,37615.23
0.0,0.0,0.0,0.0,0.0,-62138.18660956931,0.0,0.0,0.7767273326196164
0.0,-23.579500000000003,0.0,0.0,0.0,0.0,0.0,0.0,18943.7703
0.0,14.488150869262602,0.0,0.0,0.0,0.0,0.0,0.0,15659.832771143872
0.0,56.96000439210519,0.0,0.0,0.0,0.0,0.0,0.0,-15659.832771143872
0.0,80.00400000000009,0.0,0.0,0.0,0.0,0.0,0.0,57115.33
1122.0,-566.9933333333333,0.0,0.0,0.0,0.0,0.0,0.0,2578.8499999999995
-512.0,-163.185,-50000.0,0.0,0.0,-12591.75,0.0,0.0,616447.61
0.0,-3946.2536363636373,0.0,0.0,0.0,-3800.0,0.0,0.0,1365.82
-212.2027272727274,12861.769,-103.8,-230.0,-832.9555882352943,-1115.2309523809522,-2225.624,-99.0033846153846,-20882.17
1122.0,-566.9933333333333,0.0,0.0,0.0,0.0,0.0,0.0,2578.8499999999995
0.0,-73.32812500000091,0.0,0.0,0.0,-3800.0,0.0,0.0,1365.82
-220.00666666666672,12991.089999999998,-103.8,-230.0,-780.8868292682928,-1060.043181818182,-2833.766666666667,-97.27185628742515,-18990.05
0.0,-20.0,0.0,0.0,0.0,0.0,0.0,0.0,3018.28
0.0,33.33666666666674,0.0,0.0,0.0,0.0,0.0,0.0,12745.87
0.0,-5390.9592,0.0,0.0,0.0,0.0,0.0,0.0,29834.94
0.0,33.33666666666674,0.0,0.0,0.0,0.0,0.0,0.0,56915.33
0.0,384.12874999999997,0.0,0.0,0.0,-151.22222222222223,0.0,0.0,39972.41
0.0,384.12874999999997,0.0,0.0,0.0,-151.22222222222223,0.0,0.0,37615.23
0.0,384.12874999999997,0.0,0.0,0.0,-6349.9186609569315,0.0,0.0,37616.00672733262
0.0,248.226,0.0,0.0,0.0,-151.22222222222223,0.0,0.0,56559.0003
0.0,225.71135037254112,0.0,0.0,0.0,-151.22222222222223,0.0,0.0,53275.06277114387
0.0,243.91357331090222,0.0,0.0,0.0,-151.22222222222223,0.0,0.0,21955.39722885613
0.0,384.12874999999997,0.0,0.0,0.0,-151.22222222222223,0.0,0.0,39555.86
0.0,384.12874999999997,0.0,0.0,0.0,-151.22222222222223,0.0,0.0,37615.23
0.0,384.12874999999997,0.0,0.0,0.0,-151.22222222222223,0.0,0.0,37615.23
1122.0,124.73181818181814,0.0,0.0,0.0,-151.22222222222223,0.0,0.0,40194.08
0.0,-133.33333333333334,0.0,0.0,0.0,58.40999999999999,-9.0,0.0,45733.6
0.0,384.12874999999997,0.0,0.0,0.0,-151.22222222222223,0.0,0.0,37615.23
0.0,384.12874999999997,0.0,0.0,0.0,-151.22222222222223,0.0,0.0,37615.23
0.0,384.12874999999997,0.0,0.0,0.0,-151.22222222222223,0.0,0.0,37828.19
0.0,384.12874999999997,0.0,0.0,0.0,-151.22222222222223,0.0,0.0,37615.23
0.0,384.12874999999997,0.0,0.0,0.0,-151.22222222222223,0.0,0.0,37615.23
-512.0,110.47187499999998,-50000.0,0.0,0.0,-3979.076923076923,0.0,0.0,654062.84
0.0,384.12874999999997,0.0,0.0,0.0,-151.22222222222223,0.0,0.0,37615.77370913284
0.0,384.12874999999997,0.0,0.0,0.0,-151.22222222222223,0.0,0.0,85557.63
0.0,384.12874999999997,0.0,0.0,0.0,-151.22222222222223,0.0,0.0,37615.23
0.0,-2122.934736842106,0.0,0.0,0.0,-516.1,0.0,0.0,38981.05
0.0,384.12874999999997,0.0,0.0,0.0,-151.22222222222223,0.0,0.0,81784.69
-212.2027272727274,7316.151111111111,-103.8,-230.0,-832.9555882352943,-826.0283333333334,-2225.624,-99.0033846153846,16733.060000000005
0.0,384.12874999999997,0.0,0.0,0.0,-151.22222222222223,0.0,0.0,91374.39000000001
0.0,384.12874999999997,0.0,0.0,0.0,-151.22222222222223,0.0,0.0,37615.23
0.0,384.12874999999997,0.0,0.0,0.0,-151.22222222222223,0.0,0.0,47450.170000000006
0.0,384.12874999999997,0.0,0.0,0.0,-151.22222222222223,0.0,0.0,37919.74453583208
0.0,384.12874999999997,0.0,0.0,0.0,-151.22222222222223,0.0,0.0,37615.23
0.0,384.12874999999997,0.0,0.0,0.0,-151.22222222222223,0.0,0.0,89950.3392458522
0.0,384.12874999999997,0.0,0.0,0.0,-151.22222222222223,0.0,0.0,37615.23
0.0,384.12874999999997,0.0,0.0,0.0,-151.22222222222223,0.0,0.0,37615.23
1122.0,124.73181818181814,0.0,0.0,0.0,-151.22222222222223,0.0,0.0,40194.08
0.0,0.0,0.0,0.0,0.0,-62138.18660956931,0.0,0.0,44170.236727332616
0.0,384.12874999999997,0.0,0.0,0.0,-151.22222222222223,0.0,0.0,37615.23
0.0,384.12874999999997,0.0,0.0,0.0,-151.22222222222223,0.0,0.0,37615.23
0.0,79.15749999999935,0.0,0.0,0.0,-516.1,0.0,0.0,38981.05
-220.00666666666672,8188.438095238094,-103.8,-230.0,-780.8868292682928,-796.191935483871,-2833.766666666667,-97.27185628742515,18625.180000000004
0.0,339.2255555555555,0.0,0.0,0.0,-151.22222222222223,0.0,0.0,40633.51
0.0,384.12874999999997,0.0,0.0,0.0,-151.22222222222223,0.0,0.0,37615.23
0.0,384.12874999999997,0.0,0.0,0.0,-151.22222222222223,0.0,0.0,37615.16
0.0,233.78928571428565,0.0,0.0,0.0,-151.22222222222223,0.0,0.0,50361.100000000006
0.0,384.12874999999997,0.0,0.0,0.0,-151.22222222222223,0.0,0.0,91374.39000000001
0.0,384.12874999999997,0.0,0.0,0.0,-151.22222222222223,0.0,0.0,37615.23
0.0,-23.579500000000003,0.0,0.0,0.0,0.0,0.0,0.0,63113.230299999996
0.0,-3990.937878787879,0.0,0.0,0.0,-151.22222222222223,0.0,0.0,67450.17
0.0,384.12874999999997,0.0,0.0,0.0,-151.22222222222223,0.0,0.0,37919.74453583208
0.0,384.12874999999997,0.0,0.0,0.0,-151.22222222222223,0.0,0.0,37615.23
0.0,384.12874999999997,0.0,0.0,0.0,-151.22222222222223,0.0,0.0,89950.3392458522
0.0,384.12874999999997,0.0,0.0,0.0,-151.22222222222223,0.0,0.0,37615.23
0.0,384.12874999999997,0.0,0.0,0.0,-151.22222222222223,0.0,0.0,37615.23
0.0,0.0,0.0,0.0,0.0,-62138.18660956931,0.0,0.0,2357.9567273326193
0.0,-23.579500000000003,0.0,0.0,0.0,0.0,0.0,0.0,21300.9503
0.0,14.488150869262602,0.0,0.0,0.0,0.0,0.0,0.0,18017.012771143873
0.0,56.96000439210519,0.0,0.0,0.0,0.0,0.0,0.0,-13302.652771143872
0.0,204.397857142857,0.0,0.0,0.0,-837.2,0.0,0.0,7629.6
0.0,14.488150869262602,0.0,0.0,0.0,0.0,0.0,0.0,59829.29277114387
1122.0,-566.9933333333333,0.0,0.0,0.0,0.0,0.0,0.0,4936.029999999999
-512.0,-163.185,-50000.0,0.0,0.0,-12591.75,0.0,0.0,618804.79
0.0,-3946.2536363636373,0.0,0.0,0.0,-3800.0,0.0,0.0,3723.0
-212.2027272727274,12861.769,-103.8,-230.0,-832.9555882352943,-1115.2309523809522,-2225.624,-99.0033846153846,-18524.989999999998
1122.0,-566.9933333333333,0.0,0.0,0.0,0.0,0.0,0.0,4936.029999999999
0.0,-73.32812500000091,0.0,0.0,0.0,-3800.0,0.0,0.0,3723.0
-220.00666666666672,12991.089999999998,-103.8,-230.0,-780.8868292682928,-1060.043181818182,-2833.766666666667,-97.27185628742515,-16632.87
0.0,-20.0,0.0,0.0,0.0,0.0,0.0,0.0,5375.46
0.0,33.33666666666674,0.0,0.0,0.0,0.0,0.0,0.0,15103.050000000001
0.0,-5390.9592,0.0,0.0,0.0,0.0,0.0,0.0,32192.12
0.0,56.96000439210519,0.0,0.0,0.0,0.0,0.0,0.0,28509.627228856127
0.0,0.0,0.0,0.0,0.0,-62138.18660956931,0.0,0.0,0.7767273326196164
0.0,-23.579500000000003,0.0,0.0,0.0,0.0,0.0,0.0,18943.7703
0.0,14.488150869262602,0.0,0.0,0.0,0.0,0.0,0.0,15659.832771143872
0.0,56.96000439210519,0.0,0.0,0.0,0.0,0.0,0.0,-15659.832771143872
1122.0,-566.9933333333333,0.0,0.0,0.0,0.0,0.0,0.0,2578.8499999999995
-512.0,-163.185,-50000.0,0.0,0.0,-12591.75,0.0,0.0,616447.61
0.0,-3946.2536363636373,0.0,0.0,0.0,-3800.0,0.0,0.0,1365.82
-212.2027272727274,12861.769,-103.8,-230.0,-832.9555882352943,-1115.2309523809522,-2225.624,-99.0033846153846,-20882.17
1122.0,-566.9933333333333,0.0,0.0,0.0,0.0,0.0,0.0,2578.8499999999995
0.0,-73.32812500000091,0.0,0.0,0.0,-3800.0,0.0,0.0,1365.82
1122.0,-566.9933333333333,0.0,0.0,0.0,0.0,0.0,0.0,46748.31
-220.00666666666672,12991.089999999998,-103.8,-230.0,-780.8868292682928,-1060.043181818182,-2833.766666666667,-97.27185628742515,-18990.05
0.0,-20.0,0.0,0.0,0.0,0.0,0.0,0.0,3018.28
0.0,33.33666666666674,0.0,0.0,0.0,0.0,0.0,0.0,12745.87
0.0,-5390.9592,0.0,0.0,0.0,0.0,0.0,0.0,29834.94
0.0,-23.579500000000003,0.0,0.0,0.0,-62138.18660956931,0.0,0.0,18944.54702733262
0.0,14.488150869262602,0.0,0.0,0.0,-62138.18660956931,0.0,0.0,15660.609498476491
0.0,56.96000439210519,0.0,0.0,0.0,-62138.18660956931,0.0,0.0,-15659.056043811253
0.0,0.0,0.0,0.0,0.0,-62138.18660956931,0.0,0.0,1941.4067273326195
0.0,0.0,0.0,0.0,0.0,-62138.18660956931,0.0,0.0,0.7767273326196164
0.0,0.0,0.0,0.0,0.0,-62138.18660956931,0.0,0.0,0.7767273326196164
-512.0,-163.185,-50000.0,0.0,0.0,-12591.75,0.0,0.0,660617.07
1122.0,-566.9933333333333,0.0,0.0,0.0,-62138.18660956931,0.0,0.0,2579.626727332619
0.0,0.0,0.0,0.0,0.0,-62138.18660956931,0.0,0.0,0.7767273326196164
0.0,0.0,0.0,0.0,0.0,-62138.18660956931,0.0,0.0,0.7767273326196164
0.0,0.0,0.0,0.0,0.0,-62138.18660956931,0.0,0.0,213.73672733261964
0.0,0.0,0.0,0.0,0.0,-62138.18660956931,0.0,0.0,0.7767273326196164
0.0,0.0,0.0,0.0,0.0,-62138.18660956931,0.0,0.0,0.7767273326196164
-512.0,-163.185,-50000.0,0.0,0.0,-22501.037321913864,0.0,0.0,616448.3867273326
0.0,0.0,0.0,0.0,0.0,-62138.18660956931,0.0,0.0,1.3204364654533478
0.0,0.0,0.0,0.0,0.0,-62138.18660956931,0.0,0.0,47943.176727332626
0.0,0.0,0.0,0.0,0.0,-62138.18660956931,0.0,0.0,0.7767273326196164
0.0,-3946.2536363636373,0.0,0.0,0.0,-3800.0,0.0,0.0,45535.28
0.0,-3946.2536363636373,0.0,0.0,0.0,-32969.093304784656,0.0,0.0,1366.5967273326196
-212.2027272727274,12861.769,-103.8,-230.0,-832.9555882352943,-3889.001664071331,-2225.624,-99.0033846153846,-20881.393272667377
0.0,0.0,0.0,0.0,0.0,-62138.18660956931,0.0,0.0,53759.93672733262
0.0,0.0,0.0,0.0,0.0,-62138.18660956931,0.0,0.0,0.7767273326196164
0.0,0.0,0.0,0.0,0.0,-62138.18660956931,0.0,0.0,9835.71672733262
0.0,0.0,0.0,0.0,0.0,-62138.18660956931,0.0,0.0,305.2912631646959
0.0,0.0,0.0,0.0,0.0,-62138.18660956931,0.0,0.0,0.7767273326196164
0.0,0.0,0.0,0.0,0.0,-62138.18660956931,0.0,0.0,52335.88597318481
0.0,0.0,0.0,0.0,0.0,-62138.18660956931,0.0,0.0,0.7767273326196164
0.0,0.0,0.0,0.0,0.0,-62138.18660956931,0.0,0.0,0.7767273326196164
-212.2027272727274,12861.769,-103.8,-230.0,-832.9555882352943,-1115.2309523809522,-2225.624,-99.0033846153846,23287.29
1122.0,-566.9933333333333,0.0,0.0,0.0,-62138.18660956931,0.0,0.0,2579.626727332619
0.0,0.0,0.0,0.0,0.0,-62138.18660956931,0.0,0.0,0.7767273326196164
0.0,0.0,0.0,0.0,0.0,-62138.18660956931,0.0,0.0,0.7767273326196164
0.0,-73.32812500000091,0.0,0.0,0.0,-32969.093304784656,0.0,0.0,1366.5967273326196
-220.00666666666672,12991.089999999998,-103.8,-230.0,-780.8868292682928,-3715.614635198665,-2833.766666666667,-97.27185628742515,-18989.27327266738
0.0,-20.0,0.0,0.0,0.0,-62138.18660956931,0.0,0.0,3019.0567273326196
0.0,0.0,0.0,0.0,0.0,-62138.18660956931,0.0,0.0,0.7767273326196164
0.0,0.0,0.0,0.0,0.0,-62138.18660956931,0.0,0.0,0.7067273326196164
0.0,33.33666666666674,0.0,0.0,0.0,-62138.18660956931,0.0,0.0,12746.64672733262
0.0,0.0,0.0,0.0,0.0,-62138.18660956931,0.0,0.0,53759.93672733262
1122.0,-566.9933333333333,0.0,0.0,0.0,0.0,0.0,0.0,46748.31
0.0,0.0,0.0,0.0,0.0,-62138.18660956931,0.0,0.0,0.7767273326196164
0.0,-5390.9592,0.0,0.0,0.0,-62138.18660956931,0.0,0.0,29835.71672733262
0.0,0.0,0.0,0.0,0.0,-62138.18660956931,0.0,0.0,305.2912631646959
0.0,0.0,0.0,0.0,0.0,-62138.18660956931,0.0,0.0,0.7767273326196164
0.0,0.0,0.0,0.0,0.0,-62138.18660956931,0.0,0.0,52335.88597318481
0.0,0.0,0.0,0.0,0.0,-62138.18660956931,0.0,0.0,0.7767273326196164
0.0,0.0,0.0,0.0,0.0,-62138.18660956931,0.0,0.0,0.7767273326196164
0.0,-0.7389094784424396,0.0,0.0,0.0,0.0,0.0,0.0,34603.60307114387
0.0,24.7442026352631,0.0,0.0,0.0,0.0,0.0,0.0,3283.9375288561278
0.0,-23.579500000000003,0.0,0.0,0.0,0.0,0.0,0.0,20884.4003
0.0,-73.32812500000091,0.0,0.0,0.0,-3800.0,0.0,0.0,45535.28
0.0,-23.579500000000003,0.0,0.0,0.0,0.0,0.0,0.0,18943.7703
0.0,-23.579500000000003,0.0,0.0,0.0,0.0,0.0,0.0,18943.7703
1122.0,-256.47114285714287,0.0,0.0,0.0,0.0,0.0,0.0,21522.6203
0.0,-23.579500000000003,0.0,0.0,0.0,0.0,0.0,0.0,18943.7703
0.0,-23.579500000000003,0.0,0.0,0.0,0.0,0.0,0.0,18943.7703
0.0,-23.579500000000003,0.0,0.0,0.0,0.0,0.0,0.0,19156.7303
0.0,-23.579500000000003,0.0,0.0,0.0,0.0,0.0,0.0,18943.7703
0.0,-23.579500000000003,0.0,0.0,0.0,0.0,0.0,0.0,18943.7703
-512.0,-116.64983333333333,-50000.0,0.0,0.0,-12591.75,0.0,0.0,635391.3803
0.0,-23.579500000000003,0.0,0.0,0.0,0.0,0.0,0.0,18944.314009132835
-220.00666666666672,12991.089999999998,-103.8,-230.0,-780.8868292682928,-1060.043181818182,-2833.766666666667,-97.27185628742515,25179.41
0.0,-23.579500000000003,0.0,0.0,0.0,0.0,0.0,0.0,66886.17030000001
0.0,-23.579500000000003,0.0,0.0,0.0,0.0,0.0,0.0,18943.7703
0.0,-2900.2072000000003,0.0,0.0,0.0,-3800.0,0.0,0.0,20309.5903
-212.2027272727274,9180.240857142857,-103.8,-230.0,-832.9555882352943,-1115.2309523809522,-2225.624,-99.0033846153846,-1938.3996999999981
0.0,-23.579500000000003,0.0,0.0,0.0,0.0,0.0,0.0,72702.9303
0.0,-23.579500000000003,0.0,0.0,0.0,0.0,0.0,0.0,18943.7703
0.0,-23.579500000000003,0.0,0.0,0.0,0.0,0.0,0.0,28778.7103
0.0,-23.579500000000003,0.0,0.0,0.0,0.0,0.0,0.0,19248.284835832077
0.0,-23.579500000000003,0.0,0.0,0.0,0.0,0.0,0.0,18943.7703
0.0,-23.579500000000003,0.0,0.0,0.0,0.0,0.0,0.0,71278.87954585219
0.0,-20.0,0.0,0.0,0.0,0.0,0.0,0.0,47187.74
0.0,-23.579500000000003,0.0,0.0,0.0,0.0,0.0,0.0,18943.7703
0.0,-23.579500000000003,0.0,0.0,0.0,0.0,0.0,0.0,18943.7703
1122.0,-256.47114285714287,0.0,0.0,0.0,0.0,0.0,0.0,21522.6203
0.0,-23.579500000000003,0.0,0.0,0.0,0.0,0.0,0.0,18943.7703
0.0,-23.579500000000003,0.0,0.0,0.0,0.0,0.0,0.0,18943.7703
0.0,-63.378400000000696,0.0,0.0,0.0,-3800.0,0.0,0.0,20309.5903
-220.00666666666672,9928.81482352941,-103.8,-230.0,-780.8868292682928,-1060.043181818182,-2833.766666666667,-97.27185628742515,-46.27969999999914
0.0,-22.8636,0.0,0.0,0.0,0.0,0.0,0.0,21962.0503
0.0,-23.579500000000003,0.0,0.0,0.0,0.0,0.0,0.0,18943.7703
0.0,-23.579500000000003,0.0,0.0,0.0,0.0,0.0,0.0,18943.7003
0.0,83.13846153846148,0.0,0.0,0.0,-837.2,0.0,0.0,19475.48
0.0,33.33666666666674,0.0,0.0,0.0,0.0,0.0,0.0,56915.33
0.0,10.570199999999932,0.0,0.0,0.0,0.0,0.0,0.0,31689.6403
0.0,-23.579500000000003,0.0,0.0,0.0,0.0,0.0,0.0,72702.9303
0.0,-23.579500000000003,0.0,0.0,0.0,0.0,0.0,0.0,18943.7703
0.0,-4650.630965517242,0.0,0.0,0.0,0.0,0.0,0.0,48778.7103
0.0,-23.579500000000003,0.0,0.0,0.0,0.0,0.0,0.0,19248.284835832077
0.0,-23.579500000000003,0.0,0.0,0.0,0.0,0.0,0.0,18943.7703
0.0,-23.579500000000003,0.0,0.0,0.0,0.0,0.0,0.0,71278.87954585219
0.0,-23.579500000000003,0.0,0.0,0.0,0.0,0.0,0.0,18943.7703
0.0,-23.579500000000003,0.0,0.0,0.0,0.0,0.0,0.0,18943.7703
0.0,35.72407763068389,0.0,0.0,0.0,0.0,0.0,0.0,0.0
0.0,-5390.9592,0.0,0.0,0.0,0.0,0.0,0.0,74004.4
0.0,14.488150869262602,0.0,0.0,0.0,0.0,0.0,0.0,17600.462771143873
0.0,14.488150869262602,0.0,0.0,0.0,0.0,0.0,0.0,15659.832771143872
0.0,14.488150869262602,0.0,0.0,0.0,0.0,0.0,0.0,15659.832771143872
1122.0,-179.3390105316027,0.0,0.0,0.0,0.0,0.0,0.0,18238.68277114387
0.0,14.488150869262602,0.0,0.0,0.0,0.0,0.0,0.0,15659.832771143872
0.0,14.488150869262602,0.0,0.0,0.0,0.0,0.0,0.0,15659.832771143872
0.0,14.488150869262602,0.0,0.0,0.0,0.0,0.0,0.0,15872.792771143872
0.0,14.488150869262602,0.0,0.0,0.0,0.0,0.0,0.0,15659.832771143872
0.0,14.488150869262602,0.0,0.0,0.0,0.0,0.0,0.0,15659.832771143872
-512.0,-87.03936391317318,-50000.0,0.0,0.0,-12591.75,0.0,0.0,632107.4427711439
0.0,-31.32571428571428,0.0,0.0,0.0,0.0,0.0,0.0,51.11
0.0,14.488150869262602,0.0,0.0,0.0,0.0,0.0,0.0,15660.376480276705
0.0,14.488150869262602,0.0,0.0,0.0,0.0,0.0,0.0,63602.232771143885
0.0,14.488150869262602,0.0,0.0,0.0,0.0,0.0,0.0,15659.832771143872
0.0,-2548.344770281437,0.0,0.0,0.0,-3800.0,0.0,0.0,17025.652771143872
-212.2027272727274,8044.038681575974,-103.8,-230.0,-832.9555882352943,-1115.2309523809522,-2225.624,-99.0033846153846,-5222.337228856126
0.0,14.488150869262602,0.0,0.0,0.0,0.0,0.0,0.0,69418.99277114388
0.0,14.488150869262602,0.0,0.0,0.0,0.0,0.0,0.0,15659.832771143872
0.0,14.488150869262602,0.0,0.0,0.0,0.0,0.0,0.0,25494.77277114387
0.0,14.488150869262602,0.0,0.0,0.0,0.0,0.0,0.0,15964.34730697595
0.0,14.488150869262602,0.0,0.0,0.0,0.0,0.0,0.0,15659.832771143872
0.0,-58.33083333333343,0.0,0.0,0.0,0.0,0.0,0.0,11845.88
0.0,14.488150869262602,0.0,0.0,0.0,0.0,0.0,0.0,67994.94201699606
0.0,14.488150869262602,0.0,0.0,0.0,0.0,0.0,0.0,15659.832771143872
0.0,14.488150869262602,0.0,0.0,0.0,0.0,0.0,0.0,15659.832771143872
1122.0,-179.3390105316027,0.0,0.0,0.0,0.0,0.0,0.0,18238.68277114387
0.0,14.488150869262602,0.0,0.0,0.0,0.0,0.0,0.0,15659.832771143872
0.0,14.488150869262602,0.0,0.0,0.0,0.0,0.0,0.0,15659.832771143872
0.0,-49.37823158111066,0.0,0.0,0.0,-3800.0,0.0,0.0,17025.652771143872
-220.00666666666672,8893.21573185345,-103.8,-230.0,-780.8868292682928,-1060.043181818182,-2833.766666666667,-97.27185628742515,-3330.217228856127
0.0,9.56127217365366,0.0,0.0,0.0,0.0,0.0,0.0,18678.11277114387
0.0,14.488150869262602,0.0,0.0,0.0,0.0,0.0,0.0,15659.832771143872
0.0,-31.32571428571428,0.0,0.0,0.0,0.0,0.0,0.0,51.11
0.0,14.488150869262602,0.0,0.0,0.0,0.0,0.0,0.0,15659.762771143873
0.0,23.912408767964735,0.0,0.0,0.0,0.0,0.0,0.0,28405.70277114387
0.0,14.488150869262602,0.0,0.0,0.0,0.0,0.0,0.0,69418.99277114388
0.0,14.488150869262602,0.0,0.0,0.0,0.0,0.0,0.0,15659.832771143872
0.0,-4344.743583702723,0.0,0.0,0.0,0.0,0.0,0.0,45494.77277114387
0.0,14.488150869262602,0.0,0.0,0.0,0.0,0.0,0.0,15964.34730697595
0.0,14.488150869262602,0.0,0.0,0.0,0.0,0.0,0.0,15659.832771143872
0.0,14.488150869262602,0.0,0.0,0.0,0.0,0.0,0.0,67994.94201699606
0.0,14.488150869262602,0.0,0.0,0.0,0.0,0.0,0.0,15659.832771143872
0.0,14.488150869262602,0.0,0.0,0.0,0.0,0.0,0.0,15659.832771143872
0.0,80.00400000000009,0.0,0.0,0.0,0.0,0.0,0.0,12945.87
0.0,56.96000439210519,0.0,0.0,0.0,0.0,0.0,0.0,-13719.202771143873
0.0,56.96000439210519,0.0,0.0,0.0,0.0,0.0,0.0,-15659.832771143872
0.0,56.96000439210519,0.0,0.0,0.0,0.0,0.0,0.0,-15659.832771143872
1122.0,-151.02444151637434,0.0,0.0,0.0,0.0,0.0,0.0,-13080.982771143874
0.0,56.96000439210519,0.0,0.0,0.0,0.0,0.0,0.0,-15659.832771143872
0.0,56.96000439210519,0.0,0.0,0.0,0.0,0.0,0.0,-15659.832771143872
0.0,56.96000439210519,0.0,0.0,0.0,0.0,0.0,0.0,-15446.872771143873
0.0,56.96000439210519,0.0,0.0,0.0,0.0,0.0,0.0,-15659.832771143872
0.0,56.96000439210519,0.0,0.0,0.0,0.0,0.0,0.0,-15659.832771143872
-512.0,-68.83714097481206,-50000.0,0.0,0.0,-12591.75,0.0,0.0,600787.7772288561
0.0,80.00400000000009,0.0,0.0,0.0,0.0,0.0,0.0,12945.87
0.0,56.96000439210519,0.0,0.0,0.0,0.0,0.0,0.0,-15659.28906201104
0.0,56.96000439210519,0.0,0.0,0.0,0.0,0.0,0.0,32282.567228856136
0.0,56.96000439210519,0.0,0.0,0.0,0.0,0.0,0.0,-15659.832771143872
0.0,-2533.3547043321983,0.0,0.0,0.0,-3800.0,0.0,0.0,-14294.012771143873
-212.2027272727274,8059.965626647039,-103.8,-230.0,-832.9555882352943,-1115.2309523809522,-2225.624,-99.0033846153846,-36542.002771143874
0.0,56.96000439210519,0.0,0.0,0.0,0.0,0.0,0.0,38099.32722885613
0.0,56.96000439210519,0.0,0.0,0.0,0.0,0.0,0.0,-15659.832771143872
0.0,56.96000439210519,0.0,0.0,0.0,0.0,0.0,0.0,-5824.892771143872
0.0,56.96000439210519,0.0,0.0,0.0,0.0,0.0,0.0,-15355.318235311795
0.0,56.96000439210519,0.0,0.0,0.0,0.0,0.0,0.0,-15659.832771143872
0.0,33.33666666666674,0.0,0.0,0.0,0.0,0.0,0.0,12745.87
0.0,56.96000439210519,0.0,0.0,0.0,0.0,0.0,0.0,36675.27647470833
0.0,56.96000439210519,0.0,0.0,0.0,0.0,0.0,0.0,-15659.832771143872
0.0,56.96000439210519,0.0,0.0,0.0,0.0,0.0,0.0,-15659.832771143872
1122.0,-151.02444151637434,0.0,0.0,0.0,0.0,0.0,0.0,-13080.982771143874
0.0,56.96000439210519,0.0,0.0,0.0,0.0,0.0,0.0,-15659.832771143872
0.0,56.96000439210519,0.0,0.0,0.0,0.0,0.0,0.0,-15659.832771143872
0.0,-37.79499880215405,0.0,0.0,0.0,-3800.0,0.0,0.0,-14294.012771143873
-220.00666666666672,8906.627896123822,-103.8,-230.0,-780.8868292682928,-1060.043181818182,-2833.766666666667,-97.27185628742515,-34649.88277114387
0.0,45.96571805037588,0.0,0.0,0.0,0.0,0.0,0.0,-12641.552771143872
0.0,56.96000439210519,0.0,0.0,0.0,0.0,0.0,0.0,-15659.832771143872
0.0,-133.33333333333334,0.0,0.0,0.0,58.40999999999999,-9.0,0.0,1564.14
0.0,56.96000439210519,0.0,0.0,0.0,0.0,0.0,0.0,-15659.902771143872
0.0,45.14833552938595,0.0,0.0,0.0,0.0,0.0,0.0,-2913.9627711438716
0.0,56.96000439210519,0.0,0.0,0.0,0.0,0.0,0.0,38099.32722885613
0.0,56.96000439210519,0.0,0.0,0.0,0.0,0.0,0.0,-15659.832771143872
0.0,-4336.523224956367,0.0,0.0,0.0,0.0,0.0,0.0,14175.107228856126
0.0,56.96000439210519,0.0,0.0,0.0,0.0,0.0,0.0,-15355.318235311795
0.0,56.96000439210519,0.0,0.0,0.0,0.0,0.0,0.0,-15659.832771143872
0.0,56.96000439210519,0.0,0.0,0.0,0.0,0.0,0.0,36675.27647470833
0.0,56.96000439210519,0.0,0.0,0.0,0.0,0.0,0.0,-15659.832771143872
0.0,56.96000439210519,0.0,0.0,0.0,0.0,0.0,0.0,-15659.832771143872
0.0,384.12874999999997,0.0,0.0,0.0,-151.22222222222223,0.0,0.0,37615.23
1122.0,-566.9933333333333,0.0,0.0,0.0,0.0,0.0,0.0,4519.48
-512.0,-163.185,-50000.0,0.0,0.0,-12591.75,0.0,0.0,618388.24
0.0,-3946.2536363636373,0.0,0.0,0.0,-3800.0,0.0,0.0,3306.45
-212.2027272727274,12861.769,-103.8,-230.0,-832.9555882352943,-1115.2309523809522,-2225.624,-99.0033846153846,-18941.539999999997
1122.0,-566.9933333333333,0.0,0.0,0.0,0.0,0.0,0.0,4519.48
0.0,-73.32812500000091,0.0,0.0,0.0,-3800.0,0.0,0.0,3306.45
-220.00666666666672,12991.089999999998,-103.8,-230.0,-780.8868292682928,-1060.043181818182,-2833.766666666667,-97.27185628742515,-17049.42
0.0,-20.0,0.0,0.0,0.0,0.0,0.0,0.0,4958.91
0.0,33.33666666666674,0.0,0.0,0.0,0.0,0.0,0.0,14686.5
0.0,-5390.9592,0.0,0.0,0.0,0.0,0.0,0.0,31775.57
